449,0," ((?:SCH)\-[A-Za-z0-9 ]{1,50})(/?[^ ]*|) Build","['brand','device','model']","['Samsung','Samsung $1','$1']"
505,0," (ATP[0-9]{4})(?: Build|\) AppleWebKit)","['brand','device','model']","['Tomtec','$1','$1']"
571,0," (Kindle)/(\d+\.\d+)","['brand','device','model']","['Amazon','Kindle','$1 $2']"
572,0," (Silk|Kindle)/(\d+)\.","['brand','device','model']","['Amazon','Kindle','Kindle']"
522,0," (VT\d{2}[A-Za-z]*)(?: Build|\) AppleWebKit)","['brand','device','model']","['Videocon','$1','$1']"
506,0," ?(TOOKY)[ _\-]([^;/]{1,100}) ?(?:Build|;)","['brand','device','model','regex_flag']","['Tooky','$1 $2','$2','i']"
438,0," Build/(RK\d+)","['brand','device','model']","['Rockchip','$1','$1']"
86,0," PTST/\d+(?:\.\d+|)$","['brand','device','model']","['Spider','Spider','$3']"
531,0,"(?:(WeTab)-Browser|; (wetab) Build)","['brand','device','model']","['WeTab','$1','WeTab']"
445,0,"(?:; {0,2}|^)((?:GT\-[BIiNPS]\d{4}|I9\d{2}0[A-Za-z\+]?\b)[^;/\)]*?)(?:Build|Linux|MIUI|[;/\)])","['brand','device','model']","['Samsung','Samsung $1','$1']"
631,0,"(?:; |\/|^)((?:Transformer (?:Pad|Prime) |Transformer |PadFone[ _]?)[A-Za-z0-9]*)","['brand','device','model']","['Asus','Asus $1','$1']"
629,0,"(?:ALCATEL|Alcatel)-([A-Za-z0-9\-]+)","['brand','device','model']","['Alcatel','Alcatel $1','$1']"
126,0,"(?:ARCHOS|Archos)[ _]?(.{0,200}?)(?: Build|[;/\(\)\-]|$)","['brand','device','model']","['Archos','Archos $1','$1']"
633,0,"(?:ASUS)_([A-Za-z0-9\-]+)","['brand','device','model']","['Asus','Asus $1','$1']"
630,0,"(?:Amoi|AMOI)\-([A-Za-z0-9]+)","['brand','device','model']","['Amoi','Amoi $1','$1']"
657,0,"(?:InettvBrowser|TSBNetTV|NETTV|HBBTV)","['brand','device','device_type','model']","['Generic_Inettv','Inettv','TV','$3']"
663,0,"(?:MSIE|XBMC).{0,200}\b(Xbox)\b","['brand','device','model']","['Microsoft','$1','$1']"
598,0,"(?:NOKIA|Nokia)(?:\-| {0,2})(?:([A-Za-z0-9]+)\-[0-9a-f]{32}|([A-Za-z0-9\-]+)(?:UCBrowser)|([A-Za-z0-9\-]+))","['brand','device','model']","['Nokia','Nokia $1$2$3','$1$2$3']"
672,0,"(?:Pantech|PANTECH)[ _-]?([A-Za-z0-9\-]+)","['brand','device','model']","['Pantech','Pantech $1','$1']"
586,0,"(?:Windows Phone [^;]{1,30}; .{0,100}?IEMobile/[^;\)]+[;\)]|WPDesktop;) ?(?:ARM; ?Touch; ?|Touch; ?|)(?:NOKIA|Nokia)[^;]{0,200}; {0,2}(?:NOKIA ?|Nokia ?|LUMIA ?|[Ll]umia ?|)([^;\)]+)","['brand','device','model']","['Nokia','Nokia $1','$1']"
258,0,"(?:[;,] {0,2}|^)(?:htccn_chs-|)HTC[ _-]?([^;]{1,200}?)(?: {0,2}Build|clay|Android|-?Mozilla| Opera| Profile| UNTRUSTED|[;/\(\)]|$)","['brand','device','model','regex_flag']","['HTC','HTC $1','$1','i']"
660,0,"(?:^LG[\-]?|^LGE[\-/]?)([A-Za-z]+[0-9]+[A-Za-z]*)","['brand','device','model']","['LG','LG $1','$1']"
591,0,"(?:^|; )SAMSUNG\-([A-Za-z0-9\-]{1,50}).{0,200} Bada/","['brand','device','model']","['Samsung','Samsung $1','$1']"
632,0,"(?:asus.{0,200}?ASUS|Asus|ASUS|asus)[\- ;]*((?:Transformer (?:Pad|Prime) |Transformer |Padfone |Nexus[ _]|)[A-Za-z0-9]+)","['brand','device','model']","['Asus','Asus $1','$1']"
702,0,"(Android 3\.\d|Opera Tablet|Tablet; .{1,100}Firefox/|Android.{0,100}(?:Tab|Pad))","['brand','device','device_type','model','regex_flag']","['Generic','Generic Tablet','TABLET','Tablet','i']"
621,0,"(Apple Watch)(?:;| Simulator;)","['brand','device','model']","['Apple','$1','$1']"
614,0,"(Apple\s?TV)","['brand','device','device_type','model']","['Apple','AppleTV','TV','AppleTV']"
680,0,"(Dreamcast)","['brand','device','model']","['Sega','Sega $1','$1']"
699,0,"(GoogleTV)","['brand','device','device_type','model']","['Generic_Inettv','$1','TV','$1']"
650,0,"(HbbTV)(?:/1\.1\.1|) ?(?: \(;;;;;\)|); {0,2}CE-HTML(?:/1\.\d|); {0,2}([^ ]{1,30}) ([^;]{1,200});","['brand','device','model']","['$2','$1','$3']"
651,0,"(HbbTV)/1\.1\.1 \(;;;;;\) Maple_2011","['brand','device','model']","['Samsung','$1','$3']"
649,0,"(HbbTV)/1\.1\.1.{0,200}CE-HTML/1\.\d;(Vendor/|)(THOM[^;]{0,200}?)[;\s].{0,30}(LF[^;]{1,200});?","['brand','device','model']","['Thomson','$1','$4']"
653,0,"(HbbTV)/[0-9]+\.[0-9]+\.[0-9]+","['brand','device','model']","['$2','$1','$3']"
648,0,"(HbbTV)/[0-9]+\.[0-9]+\.[0-9]+ \( ?;(LG)E ?;([^;]{0,30})","['brand','device','model']","['$2','$1','$3']"
652,0,"(HbbTV)/[0-9]+\.[0-9]+\.[0-9]+ \([^;]{0,30}; ?(?:CUS:([^;]{0,200})|([^;]{1,200})) ?; ?([^;]{0,30})","['brand','device','model']","['$2$3','$1','$4']"
622,0,"(HomePod)(?:;| Simulator;)","['brand','device','model']","['Apple','$1','$1']"
662,0,"(KIN\.[^ ]+) (\d+)\.(\d+)","['brand','device','model']","['Microsoft','Microsoft $1','$1']"
481,0,"(PlayStation (?:Portable|Vita|\d+))","['brand','device','model']","['Sony','$1','$1']"
607,0,"(Pre|Pixi)/\d+\.\d+","['brand','device','model']","['Palm','Palm $1','$1']"
615,0,"(QtCarBrowser)","['brand','device','model']","['Tesla','Tesla Model S','Model S']"
675,0,"(SMART-TV); .{0,200} Tizen ","['brand','device','model']","['Samsung','Samsung $1','$1']"
677,0,"(Samsung)(SGH)(i[0-9]+)","['brand','device','model']","['$1','$1 $2$3','$2-$3']"
64,0,"(Smart|SMART|smart)-?\s*(?:TV|tv)","['device_type']","['TV']"
685,0,"(Sony)(?:BDP\/|\/|)([^ /;\)]+)[ /;\)]","['brand','device','model']","['$1','$1 $2','$2']"
703,0,"(Symbian|\bS60(Version|V\d)|\bS60\b|\((Series 60|Windows Mobile|Palm OS|Bada); Opera Mini|Windows CE|Opera Mobi|BREW|Brew|Mobile; .{1,200}Firefox/|iPhone OS|Android|MobileSafari|Windows {0,2}Phone|\(webOS/|PalmOS)","['brand','device','device_type','model']","['Generic','Generic Smartphone','MOBILE','Smartphone']"
519,0,"(TOUCH(?:TAB|PAD).{1,200}?)(?: Build|\) AppleWebKit)","['brand','device','model','regex_flag']","['Versus','Versus $1','$1','i']"
611,0,"(Touch[Pp]ad)/\d+\.\d+","['brand','device','model']","['HP','HP TouchPad','TouchPad']"
520,0,"(VERTU) ([^;/]{1,100}?)(?: Build|\) AppleWebKit)","['brand','device','model']","['Vertu','$1 $2','$2']"
527,0,"(Vodafone) (.{0,200}?)(?: Build|\) AppleWebKit)","['brand','device','model']","['$1','$1 $2','$2']"
620,0,"(Watch)(\d+,\d+)","['brand','device','model']","['Apple','Apple $1','$1$2']"
336,0,"(Web0S); Linux/(SmartTV)","['brand','device','model']","['LG','LG $1 $2','$1 $2']"
700,0,"(WebTV)/\d+.\d+","['brand','device','device_type','model']","['Generic_Inettv','$1','TV','$1']"
704,0,"(hiptop|avantgo|plucker|xiino|blazer|elaine)","['brand','device','device_type','model','regex_flag']","['Generic','Generic Smartphone','MOBILE','Smartphone','i']"
617,0,"(iPad)(?:;| Simulator;)","['brand','device','model']","['Apple','$1','$1']"
619,0,"(iPhone)(?:;| Simulator;)","['brand','device','model']","['Apple','$1','$1']"
616,0,"(iPhone|iPad|iPod)(\d+,\d+)","['brand','device','model']","['Apple','$1','$1$2']"
618,0,"(iPod)(?:;| touch;| Simulator;)","['brand','device','model']","['Apple','$1','$1']"
573,0,"(sprd)\-([^/]{1,50})/","['brand','device','model']","['$1','$1 $2','$2']"
711,0,"(wap[\-\ ]browser|maui|netfront|obigo|teleca|up\.browser|midp|Opera Mini)","['brand','device','device_type','model','regex_flag']","['Generic','Generic Feature Phone','MOBILE','Feature Phone','i']"
138,0,"; (@TAB-[^;/]{1,100}?)(?: Build|\) AppleWebKit)","['brand','device','model']","['Attab','$1','$1']"
555,0,"; (Avea inTouch 2|soft stone|tmn smart a7|Movistar[ _]Link)(?: Build|\) AppleWebKit)","['brand','device','model','regex_flag']","['ZTE','$1','$1','i']"
554,0,"; (BASE) (lutea|Lutea 2|Tab[^;]{0,200}?)(?: Build|\) AppleWebKit)","['brand','device','model']","['ZTE','$1 $2','$1 $2']"
397,0,"; (ONE [a-zA-Z]\d+)(?: Build|\) AppleWebKit)","['brand','device','model']","['OnePlus','OnePlus $1','$1']"
398,0,"; (ONEPLUS [a-zA-Z]\d+)(?: Build|\) AppleWebKit)","['brand','device','model']","['OnePlus','OnePlus $1','$1']"
401,0,"; (OnePlus[ a-zA-z0-9]{0,50})((?: Build|\) AppleWebKit))","['brand','device','model']","['OnePlus','$1','$1']"
400,0,"; (OnePlus[ a-zA-z0-9]{0,50});((?: Build|.{0,50}\) AppleWebKit))","['brand','device','model']","['OnePlus','$1','$1']"
435,0,"; (RCT\w+)(?: Build|\) AppleWebKit)","['brand','device','model']","['RCA','$1','$1']"
446,0,"; (SAMSUNG-)([A-Za-z0-9\-]{0,50}).{0,200} Build/","['brand','device','model']","['Samsung','Samsung $1$2','$2']"
668,0,"; (moto[ a-zA-z0-9()]{0,50});((?: Build|.{0,50}\) AppleWebKit))","['brand','device','model']","['Motorola','$1','$1']"
557,0,"; ?(Cloud[ _]Z5|z1000|Z99 2G|z99|z930|z999|z990|z909|Z919|z900)(?: Build|\) AppleWebKit)","['brand','device','model']","['Zync','$1','$1']"
567,0,"; ?(KFAPWA) Build\b","['brand','device','model']","['Amazon','Kindle Fire HDX 8.9"" 4G','Kindle Fire HDX 8.9"" 4G']"
566,0,"; ?(KFAPWI) Build\b","['brand','device','model']","['Amazon','Kindle Fire HDX 8.9"" WiFi','Kindle Fire HDX 8.9"" WiFi']"
562,0,"; ?(KFJWA) Build\b","['brand','device','model']","['Amazon','Kindle Fire HD 8.9"" 4G','Kindle Fire HD 8.9"" 4G']"
561,0,"; ?(KFJWI) Build\b","['brand','device','model']","['Amazon','Kindle Fire HD 8.9"" WiFi','Kindle Fire HD 8.9"" WiFi']"
559,0,"; ?(KFOTE|Amazon Kindle Fire2) Build\b","['brand','device','model']","['Amazon','Kindle Fire 2','Kindle Fire 2']"
558,0,"; ?(KFOT|Kindle Fire) Build\b","['brand','device','model']","['Amazon','Kindle Fire','Kindle Fire']"
563,0,"; ?(KFSOWI) Build\b","['brand','device','model']","['Amazon','Kindle Fire HD 7"" WiFi','Kindle Fire HD 7"" WiFi']"
565,0,"; ?(KFTHWA) Build\b","['brand','device','model']","['Amazon','Kindle Fire HDX 7"" 4G','Kindle Fire HDX 7"" 4G']"
564,0,"; ?(KFTHWI) Build\b","['brand','device','model']","['Amazon','Kindle Fire HDX 7"" WiFi','Kindle Fire HDX 7"" WiFi']"
560,0,"; ?(KFTT) Build\b","['brand','device','model']","['Amazon','Kindle Fire HD','Kindle Fire HD 7""']"
569,0,"; ?(Kindle) Build\b","['brand','device','model']","['Amazon','Kindle','Kindle']"
377,0,"; ?(NEC-)(.{0,200}?)(?: Build|\) AppleWebKit)","['brand','device','model']","['Nec','$1$2','$2']"
570,0,"; ?(Silk)/(\d+)\.(\d+)(?:\.([0-9\-]+)|) Build\b","['brand','device','model']","['Amazon','Kindle Fire','Kindle Fire$2']"
568,0,"; ?Amazon ([^;/]{1,100}) Build\b","['brand','device','model']","['Amazon','$1','$1']"
664,0,"; ARM; Trident/6\.0; Touch[\);]","['brand','device','model']","['Microsoft','Microsoft Surface RT','Surface RT']"
518,0,"; Apollo Lite Build/","['brand','device','model']","['Vernee','Apollo Lite','Apollo']"
384,0,"; Build/(Nook)","['brand','device','model']","['Nook','$1','Tablet']"
465,0,"; HTC(X06HT) Build","['brand','device','model']","['HTC','$1','$1']"
320,0,"; Lenco ([^;/]{1,100}?)(?: Build|\) AppleWebKit)","['brand','device','model']","['Lenco','Lenco $1','$1']"
413,0,"; PHICOMM ([^;/]{1,100}?)(?: Build|\) AppleWebKit)","['brand','device','model']","['Phicomm','Phicomm $1','$1']"
412,0,"; PHICOMM (i800)(?: Build|\) AppleWebKit)","['brand','device','model']","['Phicomm','Phicomm $1','$1']"
436,0,"; RCA (\w+)(?: Build|\) AppleWebKit)","['brand','device','model']","['RCA','RCA $1','$1']"
473,0,"; Sony (Tablet[^;/]{1,100}?)(?: Build|\) AppleWebKit)","['brand','device','model']","['Sony','Sony $1','$1']"
474,0,"; Sony ([^;/]{1,100}?)(?: Build|\) AppleWebKit)","['brand','device','model']","['Sony','Sony $1','$1']"
517,0,"; Thor (E)? Build/","['brand','device','model']","['Vernee','Thor $1','Thor']"
516,0,"; thor Build/","['brand','device','model']","['Vernee','Thor','Thor']"
408,0,"; {0,2}((?:ADR8995|ADR910L|ADR930L|ADR930VW|PTL21|P8000)(?: 4G|)) Build/","['brand','device','model']","['Pantech','$1','$1']"
170,0,"; {0,2}((?:Aquila|Clanga|Rapax)[^;/]{1,100}?)(?: Build|\) AppleWebKit)","['brand','device','model','regex_flag']","['Cmx','$1','$1','i']"
155,0,"; {0,2}((?:B-Tab|B-TAB) ?\d[^;/]{1,100}?)(?: Build|\) AppleWebKit)","['brand','device','model']","['Braun','$1','$1']"
149,0,"; {0,2}((?:BLU|Blu)[ _\-])([^;/]{1,100}?)(?: Build|\) AppleWebKit)","['brand','device','model']","['Blu','$1$2','$2']"
388,0,"; {0,2}((?:CIUS|cius)[^;/]*)(?: Build|\) AppleWebKit)","['brand','device','model']","['Openpeak','Openpeak $1','$1']"
482,0,"; {0,2}((?:CSL_Spice|Spice|SPICE|CSL)[ _\-]?|)([Mm][Ii])([ _\-]|)(\d{3}[^;/]*)(?: Build|\) AppleWebKit)","['brand','device','model']","['Spice','$1$2$3$4','Mi$4']"
314,0,"; {0,2}((?:EV|KM)-S\d+[A-Z]?)(?: Build|\) AppleWebKit)","['brand','device','model','regex_flag']","['KTtech','$1','$1','i']"
111,0,"; {0,2}((?:FINE|Fine)\d[^;/]{1,100}?)(?: Build|\) AppleWebKit)","['brand','device','model']","['Allfine','$1','$1']"
213,0,"; {0,2}((?:FONE|QUANTUM|INSIGNIA) \d+[^;/]{0,100}|PLAYTAB)(?: Build|\) AppleWebKit)","['brand','device','model']","['GoClever','GoClever $1','$1']"
237,0,"; {0,2}((?:HUAWEI[ _]?|Huawei[ _]|)Ascend[ _])([^;/]{1,100}) Build","['brand','device','model']","['Huawei','$1$2','$2']"
236,0,"; {0,2}((?:HUAWEI|Huawei)[ \-]?)(MediaPad) Build","['brand','device','model']","['Huawei','$1$2','$2']"
238,0,"; {0,2}((?:HUAWEI|Huawei)[ _\-]?)((?:G700-|MT-)[^;/]{1,100}) Build","['brand','device','model']","['Huawei','$1$2','$2']"
239,0,"; {0,2}((?:HUAWEI|Huawei)[ _\-]?)([^;/]{1,100}) Build","['brand','device','model']","['Huawei','$1$2','$2']"
368,0,"; {0,2}((?:MP[DQ]C|MPG\d{1,4}|MP\d{3,4}|MID(?:(?:10[234]|114|43|7[247]|8[24]|7)C|8[01]1))[^;/]*)(?: Build|\) AppleWebKit)","['brand','device','model']","['Mpman','$1','$1']"
448,0,"; {0,2}((?:SC)\-[A-Za-z0-9 ]{1,50})(/?[^ ]*|)\)","['brand','device','model']","['Samsung','Samsung $1','$1']"
447,0,"; {0,2}((?:SCH|SGH|SHV|SHW|SPH|SC|SM)\-[A-Za-z0-9 ]{1,50})(/?[^ ]*|) Build","['brand','device','model']","['Samsung','Samsung $1','$1']"
451,0,"; {0,2}((?:SCH|SGH|SHV|SHW|SPH|SC|SM)\-[A-Za-z0-9]{5,6})[\)]","['brand','device','model']","['Samsung','Samsung $1','$1']"
471,0,"; {0,2}((?:SK|ST|E|X|LT|MK|MT|WT)\d{2}[a-z0-9]*(?:-o|)|R800i|U20i) Build","['brand','device','model']","['SonyEricsson','$1','$1']"
337,0,"; {0,2}((?:SMB|smb)[^;/]{1,100}?)(?: Build|\) AppleWebKit)","['brand','device','model']","['Malata','$1','$1']"
426,0,"; {0,2}((?:TAB-PLAYTAB|TAB-PROTAB|PROTAB|PlayTabPro|Mobii[ _\-]|TAB-P)[^;/]*)(?: Build|\) AppleWebKit)","['brand','device','model']","['POV','POV $1','$1']"
523,0,"; {0,2}((?:ViewPad|ViewPhone|VSD)[^;/]{1,100}?)(?: Build|\) AppleWebKit)","['brand','device','model']","['Viewsonic','$1','$1']"
246,0,"; {0,2}((?:[A-Z]{3})\-L[A-Za0-9]{2})[\)]","['brand','device','model']","['Huawei','Huawei $1','$1']"
539,0,"; {0,2}((MIX) ([^;/]*)) (Build|MIUI)/","['brand','device','model']","['XiaoMi','XiaoMi $1','$1']"
537,0,"; {0,2}((Mi|MI|HM|MI-ONE|Redmi)[ -](NOTE |Note |)[^;/\)]*)","['brand','device','model']","['XiaoMi','XiaoMi $1','$1']"
536,0,"; {0,2}((Mi|MI|HM|MI-ONE|Redmi)[ -](NOTE |Note |)[^;/]*) (Build|MIUI)/","['brand','device','model']","['XiaoMi','XiaoMi $1','$1']"
178,0,"; {0,2}(001DL)(?: Build|\) AppleWebKit)","['brand','device','model']","['Dell','Dell $1','Streak']"
466,0,"; {0,2}(001HT|X06HT) Build","['brand','device','model']","['HTC','$1','$1']"
463,0,"; {0,2}(003P|101P|101P11C|102P) Build","['brand','device','model']","['Panasonic','$1','$1']"
464,0,"; {0,2}(00\dZ) Build/","['brand','device','model']","['ZTE','$1','$1']"
180,0,"; {0,2}(101DL|GS01|Streak Pro[^;/]{0,100})(?: Build|\) AppleWebKit)","['brand','device','model']","['Dell','Dell $1','Streak Pro']"
467,0,"; {0,2}(201M) Build","['brand','device','model']","['Motorola','$1','XT902']"
328,0,"; {0,2}(3GC101|3GW10[01]|A390) Build/","['brand','device','model']","['Lenovo','$1','$1']"
253,0,"; {0,2}(?:(?:HTC|htc)(?:_blocked|)[ _/])+([^ _/;]+)(?: {0,2}Build|[;\)]| - )","['brand','device','model']","['HTC','HTC $1','$1']"
254,0,"; {0,2}(?:(?:HTC|htc)(?:_blocked|)[ _/])+([^ _/]+)(?:[ _/]([^ _/;\)]+)|)(?: {0,2}Build|[;\)]| - )","['brand','device','model']","['HTC','HTC $1 $2','$1 $2']"
255,0,"; {0,2}(?:(?:HTC|htc)(?:_blocked|)[ _/])+([^ _/]+)(?:[ _/]([^ _/]+)(?:[ _/]([^ _/;\)]+)|)|)(?: {0,2}Build|[;\)]| - )","['brand','device','model']","['HTC','HTC $1 $2 $3','$1 $2 $3']"
256,0,"; {0,2}(?:(?:HTC|htc)(?:_blocked|)[ _/])+([^ _/]+)(?:[ _/]([^ _/]+)(?:[ _/]([^ _/]+)(?:[ _/]([^ /;]+)|)|)|)(?: {0,2}Build|[;\)]| - )","['brand','device','model']","['HTC','HTC $1 $2 $3 $4','$1 $2 $3 $4']"
544,0,"; {0,2}(?:(?:ZOPO|Zopo)[ _]([^;/]{1,100}?)|(ZP ?(?:\d{2}[^;/]{1,100}|C2))|(C[2379]))(?: Build|\) AppleWebKit)","['brand','device','model']","['Zopo','$1$2$3','$1$2$3']"
318,0,"; {0,2}(?:(Aspire A1)|(?:LEMON|Lemon)[ _]([^;/]{1,100}))_?(?: Build|\) AppleWebKit)","['brand','device','model']","['Lemon','Lemon $1$2','$1$2']"
95,0,"; {0,2}(?:3Q_)([^;/]{1,100}?)(?: Build|\) AppleWebKit)","['brand','device','model']","['3Q','3Q $1','$1']"
229,0,"; {0,2}(?:AMAZE[ _](S\d+)|(S\d+)[ _]AMAZE)(?: Build|\) AppleWebKit)","['brand','device','model']","['hitech','AMAZE $1$2','AMAZE $1$2']"
118,0,"; {0,2}(?:AMOI|Amoi)[ _]([^;/]{1,100}?)(?: Build|\) AppleWebKit)","['brand','device','model']","['Amoi','Amoi $1','$1']"
124,0,"; {0,2}(?:ARCHOS|Archos) ?(GAMEPAD.{0,200}?)(?: Build|\) AppleWebKit)","['brand','device','model']","['Archos','Archos $1','$1']"
132,0,"; {0,2}(?:ARNOVA|Arnova) ?([^;/]{1,100}?)(?: Build|\) AppleWebKit)","['brand','device','model']","['Arnova','Arnova $1','$1']"
133,0,"; {0,2}(?:ASSISTANT |)(AP)-?([1789]\d{2}[A-Z]{0,2}|80104)(?: Build|\) AppleWebKit)","['brand','device','model']","['Assistant','Assistant $1-$2','$1-$2']"
140,0,"; {0,2}(?:Axioo[ _\-]([^;/]{1,100}?)|(picopad)[ _\-]([^;/]{1,100}?))(?: Build|\) AppleWebKit)","['brand','device','model','regex_flag']","['Axioo','Axioo $1$2 $3','$1$2 $3','i']"
150,0,"; {0,2}(?:BMOBILE )?(Blu|BLU|DASH [^;/]{1,100}|VIVO 4\.3|TANK 4\.5)(?: Build|\) AppleWebKit)","['brand','device','model']","['Blu','$1','$1']"
550,0,"; {0,2}(?:Blade|BLADE|ZTE-BLADE)([^;/]*)(?: Build|\) AppleWebKit)","['brand','device','model']","['ZTE','ZTE Blade$1','Blade$1']"
171,0,"; {0,2}(?:CFW-|Kyros )?(MID[0-9]{4}(?:[ABC]|SR|TV)?)(\(3G\)-4G| GB 8K| 3G| 8K| GB)? {0,2}(?:Build|[;\)])","['brand','device','model']","['CobyKyros','CobyKyros $1$2','$1$2']"
494,0,"; {0,2}(?:CJ[ -])?(ThL|THL)[ -]([^;/]{1,100}?)(?: Build|\) AppleWebKit)","['brand','device','model']","['Thl','$1 $2','$2']"
160,0,"; {0,2}(?:Cat)(Nova.{0,200}?)(?: Build|\) AppleWebKit)","['brand','device','model']","['Cat','Cat $1','$1']"
159,0,"; {0,2}(?:Cat|CAT) ([^;/]{1,100}?)(?: Build|\) AppleWebKit)","['brand','device','model']","['Cat','Cat $1','$1']"
179,0,"; {0,2}(?:Dell|DELL) (Streak)(?: Build|\) AppleWebKit)","['brand','device','model']","['Dell','Dell $1','Streak']"
183,0,"; {0,2}(?:Dell|DELL)[ _](Aero|Venue|Thunder|Mini.{0,200}?|Streak[ _]Pro)(?: Build|\) AppleWebKit)","['brand','device','model']","['Dell','Dell $1','$1']"
252,0,"; {0,2}(?:HTC[ _/])+([^ _/]+)(?:[ _/]([^ _/]+)(?:[ _/]([^ _/]+)(?:[ _/]([^ _/]+)|)|)|)(?:[/\\]1\.0 | V|/| +)\d+\.\d[\d\.]*(?: {0,2}Build|\))","['brand','device','model']","['HTC','HTC $1 $2 $3 $4','$1 $2 $3 $4']"
251,0,"; {0,2}(?:HTC[ _/])+([^ _/]+)(?:[ _/]([^ _/]+)(?:[ _/]([^ _/]+)|)|)(?:[/\\]1\.0 | V|/| +)\d+\.\d[\d\.]*(?: {0,2}Build|\))","['brand','device','model']","['HTC','HTC $1 $2 $3','$1 $2 $3']"
250,0,"; {0,2}(?:HTC[ _/])+([^ _/]+)(?:[ _/]([^ _/]+)|)(?:[/\\]1\.0 | V|/| +)\d+\.\d[\d\.]*(?: {0,2}Build|\))","['brand','device','model']","['HTC','HTC $1 $2','$1 $2']"
249,0,"; {0,2}(?:HTC[ _/])+([^ _/]+)(?:[/\\]1\.0 | V|/| +)\d+\.\d[\d\.]*(?: {0,2}Build|\))","['brand','device','model']","['HTC','HTC $1','$1']"
275,0,"; {0,2}(?:INTEX|Intex)(?:[_ ]([^\ _;/]+))(?:[_ ]([^\ _;/]+)|) {0,2}(?:Build|;)","['brand','device','model']","['Intex','$1 $2','$1 $2']"
327,0,"; {0,2}(?:Ideapad |)K1 Build/","['brand','device','model']","['Lenovo','Lenovo Ideapad K1','Ideapad K1']"
243,0,"; {0,2}(?:Ideos |IDEOS )(S7) Build","['brand','device','model']","['Huawei','Huawei Ideos$1','Ideos$1']"
244,0,"; {0,2}(?:Ideos |IDEOS )([^;/]{1,50}\s{0,5}|\s{0,5})Build","['brand','device','model']","['Huawei','Huawei Ideos$1','Ideos$1']"
274,0,"; {0,2}(?:Intex[ _]|)(AQUA|Aqua)([ _\.\-])([^;/]{1,100}?) {0,2}(?:Build|;)","['brand','device','model']","['Intex','$1$2$3','$1 $3']"
316,0,"; {0,2}(?:LAVA[ _]|)IRIS[ _\-]?([^/;\)]+) {0,2}(?:;|\)|Build)","['brand','device','model','regex_flag']","['Lava','Iris $1','Iris $1','i']"
325,0,"; {0,2}(?:LNV-|)(?:=?[Ll]enovo[ _\-]?|LENOVO[ _])(.{1,200}?)(?:Build|[;/\)])","['brand','device','model']","['Lenovo','Lenovo $1','$1']"
344,0,"; {0,2}(?:MD_|)LIFETAB[ _]([^;/]{1,100}?)(?: Build|\) AppleWebKit)","['brand','device','model','regex_flag']","['Medion','Medion Lifetab $1','Lifetab $1','i']"
369,0,"; {0,2}(?:MSI[ _]|)(Primo\d+|Enjoy[ _\-][^;/]{1,100}?)(?: Build|\) AppleWebKit)","['brand','device','model','regex_flag']","['Msi','$1','$1','i']"
338,0,"; {0,2}(?:Malata|MALATA) ([^;/]{1,100}?)(?: Build|\) AppleWebKit)","['brand','device','model']","['Malata','$1','$1']"
352,0,"; {0,2}(?:Micromax[ _](A111|A240)|(A111|A240)) Build","['brand','device','model','regex_flag']","['Micromax','Micromax $1$2','$1$2','i']"
393,0,"; {0,2}(?:Odys\-|ODYS\-|ODYS )([^;/]{1,100}?)(?: Build|\) AppleWebKit)","['brand','device','model']","['Odys','Odys $1','$1']"
416,0,"; {0,2}(?:Philips|PHILIPS)[ _]([^;/]{1,100}?)(?: Build|\) AppleWebKit)","['brand','device','model']","['Philips','Philips $1','$1']"
420,0,"; {0,2}(?:Polaroid )(Tablet)(?: Build|\) AppleWebKit)","['brand','device','model']","['Polaroid','$1','$1']"
419,0,"; {0,2}(?:Polaroid[ _]|)((?:MIDC\d{3,}|PMID\d{2,}|PTAB\d{3,})[^;/]{0,30}?)(\/[^;/]{0,30}|)(?: Build|\) AppleWebKit)","['brand','device','model']","['Polaroid','$1','$1']"
423,0,"; {0,2}(?:Positivo |)((?:YPY|Ypy)[^;/]{1,100}?)(?: Build|\) AppleWebKit)","['brand','device','model']","['Positivo','$1','$1']"
427,0,"; {0,2}(?:Prestigio |)((?:PAP|PMP)\d[^;/]{1,100}?)(?: Build|\) AppleWebKit)","['brand','device','model']","['Prestigio','Prestigio $1','$1']"
458,0,"; {0,2}(?:SKYTEX|SX)-([^;/]{1,100}?)(?: Build|\) AppleWebKit)","['brand','device','model']","['Skytex','$1','$1']"
551,0,"; {0,2}(?:Skate|SKATE|ZTE-SKATE)([^;/]*)(?: Build|\) AppleWebKit)","['brand','device','model']","['ZTE','ZTE Skate$1','Skate$1']"
411,0,"; {0,2}(?:Touchlet )?(X10\.[^;/]{1,100}?)(?: Build|\) AppleWebKit)","['brand','device','model']","['Pearl','Pearl $1','$1']"
529,0,"; {0,2}(?:WIKO[ \-]|)(CINK\+?|BARRY|BLOOM|DARKFULL|DARKMOON|DARKNIGHT|DARKSIDE|FIZZ|HIGHWAY|IGGY|OZZY|RAINBOW|STAIRWAY|SUBLIM|WAX|CINK [^;/]{1,100}?)(?: Build|\) AppleWebKit)","['brand','device','model','regex_flag']","['Wiko','Wiko $1','$1','i']"
528,0,"; {0,2}(?:Walton[ _\-]|)(Primo[ _\-][^;/]{1,100}?)(?: Build|\) AppleWebKit)","['brand','device','model','regex_flag']","['Walton','Walton $1','$1','i']"
533,0,"; {0,2}(?:Woxter|Wxt) ([^;/]{1,100}?)(?: Build|\) AppleWebKit)","['brand','device','model']","['Woxter','Woxter $1','$1']"
534,0,"; {0,2}(?:Xenta |Luna |)(TAB[234][0-9]{2}|TAB0[78]-\d{3}|TAB0?9-\d{3}|TAB1[03]-\d{3}|SMP\d{2}-\d{3})(?: Build|\) AppleWebKit)","['brand','device','model']","['Yarvik','Yarvik $1','$1']"
553,0,"; {0,2}(?:ZXY-ZTE_|ZTE\-U |ZTE[\- _]|ZTE-C[_ ])([^;/]{1,100}?)(?: Build|\) AppleWebKit)","['brand','device','model']","['ZTE','ZTE $1','$1']"
162,0,"; {0,2}(?:[Cc]elkon[ _\*]|CELKON[ _\*])([^;/\)]+) ?(?:Build|;|\))","['brand','device','model']","['Celkon','$1','$1']"
106,0,"; {0,2}(?:alcatel[ _]|)(?:(?:one[ _]?touch[ _])|ot[ \-])([^;/]{1,100}?)(?: Build|\) AppleWebKit)","['brand','device','model','regex_flag']","['Alcatel','Alcatel One Touch $1','One Touch $1','i']"
264,0,"; {0,2}(?:iBall[ _\-]|)(Andi)[ _]?(\d[^;/]*)(?: Build|\) AppleWebKit)","['brand','device','model','regex_flag']","['iBall','$1 $2','$1 $2','i']"
347,0,"; {0,2}(?:meizu_|MEIZU )(.{1,200}?) {0,2}(?:Build|[;\)])","['brand','device','model']","['Meizu','Meizu $1','$1']"
512,0,"; {0,2}(A10 [Bb]asic2?)(?: Build|\) AppleWebKit)","['brand','device','model']","['Treq','$1','$1']"
289,0,"; {0,2}(A11|A39|A37|A34|ST8|ST10|ST7|Smart Tab3|Smart Tab2|Titanium S\d) +Build","['brand','device','model']","['Karbonn','$1','$1']"
115,0,"; {0,2}(A13-MID)(?: Build|\) AppleWebKit)","['brand','device','model']","['Allwinner','$1','$1']"
392,0,"; {0,2}(A1601)(?: Build|\) AppleWebKit)","['brand','device','model']","['Oppo','Oppo F1s','$1']"
165,0,"; {0,2}(A19|A19Q|A105|A107[^;/\)]*) ?(?:Build|;|\))","['brand','device','model']","['Celkon','$1','$1']"
321,0,"; {0,2}(A1_07|A2107A-H|S2005A-H|S1-37AH0) Build","['brand','device','model']","['Lenovo','$1','$1']"
128,0,"; {0,2}(A28|A32|A43|A70(?:BHT|CHT|HB|S|X)|A101(?:B|C|IT)|A7EB|A7EB-WK|101G9|80G9)(?: Build|\) AppleWebKit)","['brand','device','model']","['Archos','Archos $1','$1']"
429,0,"; {0,2}(A2|A5|A8|A900)_?(Classic|)(?: Build|\) AppleWebKit)","['brand','device','model']","['Qmobile','$1 $2','$1 $2']"
515,0,"; {0,2}(A502\+?|A936|A603|X1|X2)(?: Build|\) AppleWebKit)","['brand','device','model']","['Umeox','$1','$1']"
365,0,"; {0,2}(A555|A85[34][^;/]*|A95[356]|ME[58]\d{2}\+?|ME600|ME632|ME722|MB\d{3}\+?|MT680|MT710|MT870|MT887|MT917|WX435|WX453|WX44[25]|XT\d{3,4}[A-Z\+]*|CL[iI]Q|CL[iI]Q XT) Build","['brand','device','model']","['Motorola','$1','$1']"
259,0,"; {0,2}(A6277|ADR6200|ADR6300|ADR6350|ADR6400[A-Z]*|ADR6425[A-Z]*|APX515CKT|ARIA|Desire[^_ ]*|Dream|EndeavorU|Eris|Evo|Flyer|HD2|Hero|HERO200|Hero CDMA|HTL21|Incredible|Inspire[A-Z0-9]*|Legend|Liberty|Nexus ?(?:One|HD2)|One|One S C2|One[ _]?(?:S|V|X\+?)\w*|PC36100|PG06100|PG86100|S31HT|Sensation|Wildfire)(?: Build|[/;\(\)])","['brand','device','model','regex_flag']","['HTC','HTC $1','$1','i']"
117,0,"; {0,2}(A651|A701B?|A702|A703|A705|A706|A707|A711|A712|A713|A717|A722|A785|A801|A802|A803|A901|A902|A1002|A1003|A1006|A1007|A9701|A9703|Q710|Q80)(?: Build|\) AppleWebKit)","['brand','device','model']","['Amaway','$1','$1']"
260,0,"; {0,2}(ADR6200|ADR6400L|ADR6425LVW|Amaze|DesireS?|EndeavorU|Eris|EVO|Evo\d[A-Z]+|HD2|IncredibleS?|Inspire[A-Z0-9]*|Inspire[A-Z0-9]*|Sensation[A-Z0-9]*|Wildfire)[ _-](.{1,200}?)(?:[/;\)]|Build|MIUI|1\.0)","['brand','device','model','regex_flag']","['HTC','HTC $1 $2','$1 $2','i']"
396,0,"; {0,2}(AEON|BRAVIO|FUSION|FUSION2IN1|Genio|EOS10|IEOS[^;/]*|IRON|Loox|LOOX|LOOX Plus|Motion|NOON|NOON_PRO|NEXT|OPOS|PEDI[^;/]*|PRIME[^;/]*|STUDYTAB|TABLO|Tablet-PC-4|UNO_X8|XELIO[^;/]*|Xelio ?\d+ ?[Pp]ro|XENO10|XPRESS PRO)(?: Build|\) AppleWebKit)","['brand','device','model']","['Odys','Odys $1','$1']"
112,0,"; {0,2}(ALLVIEW[ _]?|Allview[ _]?)((?:Speed|SPEED).{0,200}?)(?: Build|\) AppleWebKit)","['brand','device','model']","['Allview','$1$2','$2']"
114,0,"; {0,2}(ALLVIEW[ _]?|Allview[ _]?)([^;/]*?)(?: Build|\) AppleWebKit)","['brand','device','model']","['Allview','$1$2','$2']"
113,0,"; {0,2}(ALLVIEW[ _]?|Allview[ _]?|)(AX1_Shine|AX2_Frenzy)(?: Build|\) AppleWebKit)","['brand','device','model']","['Allview','$1$2','$2']"
127,0,"; {0,2}(AN(?:7|8|9|10|13)[A-Z0-9]{1,4})(?: Build|\) AppleWebKit)","['brand','device','model']","['Archos','Archos $1','$1']"
131,0,"; {0,2}(AN\d[^;/]{1,100}|ARCHM\d+)(?: Build|\) AppleWebKit)","['brand','device','model']","['Arnova','Arnova $1','$1']"
547,0,"; {0,2}(ARIZONA|(?:ATLAS|Atlas) W|D930|Grand (?:[SX][^;]{0,200}?|Era|Memo[^;]{0,200}?)|JOE|(?:Kis|KIS)\b[^;]{0,200}?|Libra|Light [^;]{0,200}?|N8[056][01]|N850L|N8000|N9[15]\d{2}|N9810|NX501|Optik|(?:Vip )Racer[^;]{0,200}?|RacerII|RACERII|San Francisco[^;]{0,200}?|V9[AC]|V55|V881|Z[679][0-9]{2}[A-z]?)(?: Build|\) AppleWebKit)","['brand','device','model']","['ZTE','$1','$1']"
532,0,"; {0,2}(AT-AS[^;/]{1,100}?)(?: Build|\) AppleWebKit)","['brand','device','model']","['Wolfgang','Wolfgang $1','$1']"
509,0,"; {0,2}(AT[0-9]{2,3}(?:\-A|LE\-A|PE\-A|SE|a|)|AT7-A|AT1S0|Hikari-iFrame/WDPF-[^;/]{1,100}|THRiVE|Thrive)(?: Build|\) AppleWebKit)","['brand','device','model']","['Toshiba','Toshiba $1','$1']"
152,0,"; {0,2}(AX5\d+)(?: Build|\) AppleWebKit)","['brand','device','model']","['Bmobile','$1','$1']"
373,0,"; {0,2}(A\d+)[ _](Duo|)(?: Build|\) AppleWebKit)","['brand','device','model','regex_flag']","['MyPhone','$1 $2','$1 $2','i']"
354,0,"; {0,2}(A\d{2}|A[12]\d{2}|A90S|A110Q) Build","['brand','device','model','regex_flag']","['Micromax','Micromax $1','$1','i']"
99,0,"; {0,2}(Acer |ACER )([^;/]{1,100}?)(?: Build|\) AppleWebKit)","['brand','device','model']","['Acer','$1$2','$2']"
100,0,"; {0,2}(Advent |)(Vega(?:Bean|Comb|)).{0,200}?(?: Build|\) AppleWebKit)","['brand','device','model']","['Advent','$1$2','$2']"
101,0,"; {0,2}(Ainol |)((?:NOVO|[Nn]ovo)[^;/]{1,100}?)(?: Build|\) AppleWebKit)","['brand','device','model']","['Ainol','$1$2','$2']"
187,0,"; {0,2}(AirTab)[ _\-]([^;/]{1,100}?)(?: Build|\) AppleWebKit)","['brand','device','model']","['DNS','$1 $2','$1 $2']"
116,0,"; {0,2}(Allwinner)[ _\-]?([^;/]{1,100}?)(?: Build|\) AppleWebKit)","['brand','device','model']","['Allwinner','$1 $2','$1']"
145,0,"; {0,2}(BB) ([^;/]{1,100}?)(?: Build|\) AppleWebKit)","['brand','device','model']","['Blackberry','$1 $2','$2']"
175,0,"; {0,2}(BOBBY)(?: Build|\) AppleWebKit)","['brand','device','model','regex_flag']","['Cubot','$1','$1','i']"
450,0,"; {0,2}(Behold ?(?:2|II)|YP\-G[^;/]{1,100}|EK-GC100|SCL21|I9300) Build","['brand','device','model']","['Samsung','Samsung $1','$1']"
130,0,"; {0,2}(BioniQ) ?([^;/]{1,100}?)(?: Build|\) AppleWebKit)","['brand','device','model']","['Arival','$1 $2','$1 $2']"
147,0,"; {0,2}(BlackBird)[ _](.{0,200}?)(?: Build|\) AppleWebKit)","['brand','device','model']","['$1','$1 $2','$2']"
146,0,"; {0,2}(BlackBird)[ _](I8.{0,200}?)(?: Build|\) AppleWebKit)","['brand','device','model']","['$1','$1 $2','$2']"
156,0,"; {0,2}(Broncho) ([^;/]{1,100}?)(?: Build|\) AppleWebKit)","['brand','device','model']","['$1','$1 $2','$2']"
477,0,"; {0,2}(C(?:1[0-9]|2[0-9]|53|55|6[0-9])[0-9]{2}|D[25]\d{3}|D6[56]\d{2})(?: Build|\) AppleWebKit)","['brand','device','model']","['Sony','$1','$1']"
158,0,"; {0,2}(C771|CAL21|IS11CA)(?: Build|\) AppleWebKit)","['brand','device','model']","['Casio','$1','$1']"
391,0,"; {0,2}(CPH\d{1,4}|RMX\d{1,4}|P[A-Z]{3}\d{2})(?: Build|\) AppleWebKit)","['brand','device','model']","['Oppo','Oppo $1','$3']"
201,0,"; {0,2}(CROSS|Cross)[ _\-]([^;/]{1,100}?)(?: Build|\) AppleWebKit)","['brand','device','model']","['Evercoss','$1 $2','Cross $2']"
164,0,"; {0,2}(CT)-?(\d+)(?: Build|\) AppleWebKit)","['brand','device','model']","['Celkon','$1$2','$1$2']"
173,0,"; {0,2}(CUBE[ _])?([KU][0-9]+ ?GT.{0,200}?|A5300)(?: Build|\) AppleWebKit)","['brand','device','model','regex_flag']","['Cube','$1$2','$2','i']"
167,0,"; {0,2}(Cloudfone)[ _](Excite)([^ ][^;/]{1,100}?)(?: Build|\) AppleWebKit)","['brand','device','model']","['Cloudfone','$1 $2 $3','$1 $2 $3']"
169,0,"; {0,2}(Cloudfone|CloudPad)[ _]([^;/]{1,100}?)(?: Build|\) AppleWebKit)","['brand','device','model']","['Cloudfone','$1 $2','$1 $2']"
358,0,"; {0,2}(Cynus)[ _](F5|T\d|.{1,200}?) {0,2}(?:Build|[;/\)])","['brand','device','model','regex_flag']","['Mobistel','$1 $2','$1 $2','i']"
415,0,"; {0,2}(D633|D822|D833|T539|T939|V726|W335|W336|W337|W3568|W536|W5510|W626|W632|W6350|W6360|W6500|W732|W736|W737|W7376|W820|W832|W8355|W8500|W8510|W930)(?: Build|\) AppleWebKit)","['brand','device','model']","['Philips','$1','$1']"
282,0,"; {0,2}(DE88Plus|MD70)(?: Build|\) AppleWebKit)","['brand','device','model']","['Ivio','$1','$1']"
198,0,"; {0,2}(DOOV)[ _]([^;/]{1,100}?)(?: Build|\) AppleWebKit)","['brand','device','model']","['DOOV','$1 $2','$2']"
364,0,"; {0,2}(Droid[^;/]*|DROID[^;/]*|Milestone[^;/]*|Photon|Triumph|Devour|Titanium) Build","['brand','device','model']","['Motorola','Motorola $1','$1']"
176,0,"; {0,2}(Dslide [^;/]{1,100}?)(?: Build|\) AppleWebKit)","['brand','device','model']","['Danew','$1','$1']"
211,0,"; {0,2}(E3) Build/JOP40D","['brand','device','model']","['Gionee','Gionee $1','$1']"
227,0,"; {0,2}(EG\d{2,}|HS-[^;/]{1,100}|MIRA[^;/]{1,100}?)(?: Build|\) AppleWebKit)","['brand','device','model']","['Hisense','Hisense $1','$1']"
331,0,"; {0,2}(E[34][0-9]{2}|LS[6-8][0-9]{2}|VS[6-9][0-9]+[^;/]{1,30}|Nexus 4|Nexus 5X?|GT540f?|Optimus (?:2X|G|4X HD)|OptimusX4HD) {0,2}(?:Build|;)","['brand','device','model']","['LG','$1','$1']"
199,0,"; {0,2}(Enot|ENOT)[ -]?([^;/]{1,100}?)(?: Build|\) AppleWebKit)","['brand','device','model']","['Enot','$1 $2','$2']"
168,0,"; {0,2}(Excite|ICE)[ _](\d+[^;/]{0,100}?)(?: Build|\) AppleWebKit)","['brand','device','model']","['Cloudfone','Cloudfone $1 $2','Cloudfone $1 $2']"
414,0,"; {0,2}(FWS\d{3}[^;/]{1,100}?)(?: Build|\) AppleWebKit)","['brand','device','model']","['Phicomm','Phicomm $1','$1']"
405,0,"; {0,2}(FZ-A1B|JT-B1)(?: Build|\) AppleWebKit)","['brand','device','model']","['Panasonic','Panasonic $1','$1']"
188,0,"; {0,2}(F\-\d[^;/]{1,100}?)(?: Build|\) AppleWebKit)","['brand','device','model']","['Fujitsu','$1','$1']"
389,0,"; {0,2}(Find ?(?:5|7a)|R8[012]\d{1,2}|T703\d?|U70\d{1,2}T?|X90\d{1,2}|[AFR]\d{1,2}[a-z]{1,2})(?: Build|\) AppleWebKit)","['brand','device','model']","['Oppo','Oppo $1','$1']"
204,0,"; {0,2}(Fly|FLY)[ _](IQ[^;]{1,100}?|F[34]\d+[^;]{0,100}?);?(?: Build|\) AppleWebKit)","['brand','device','model']","['Fly','$1 $2','$2']"
206,0,"; {0,2}(G1)(?: Build|\) AppleWebKit)","['brand','device','model']","['Galapad','$1','$1']"
403,0,"; {0,2}(G100W?)(?: Build|\) AppleWebKit)","['brand','device','model']","['PackardBell','PackardBell $1','$1']"
121,0,"; {0,2}(G7|M1013|M1015G|M11[CG]?|M-?12[B]?|M15|M19[G]?|M30[ACQ]?|M31[GQ]|M32|M33[GQ]|M36|M37|M38|M701T|M710|M712B|M713|M715G|M716G|M71(?:G|GS|T|)|M72[T]?|M73[T]?|M75[GT]?|M77G|M79T|M7L|M7LN|M81|M810|M81T|M82|M92|M92KS|M92S|M717G|M721|M722G|M723|M725G|M739|M785|M791|M92SK|M93D)(?: Build|\) AppleWebKit)","['brand','device','model']","['Aoson','Aoson $1','$1']"
210,0,"; {0,2}(GN\d+[A-Z]?|INFINITY_PASSION|Ctrl_V1)(?: Build|\) AppleWebKit)","['brand','device','model']","['Gionee','Gionee $1','$1']"
218,0,"; {0,2}(GSmart)[ -]([^/]{1,50})(?: Build|\) AppleWebKit)","['brand','device','model']","['Gigabyte','$1 $2','$1 $2']"
525,0,"; {0,2}(GTablet.{0,200}?)(?: Build|\) AppleWebKit)","['brand','device','model']","['Viewsonic','$1','$1']"
208,0,"; {0,2}(G[^F]?FIVE) ([^;/]{1,100}?)(?: Build|\) AppleWebKit)","['brand','device','model']","['Gfive','$1 $2','$2']"
442,0,"; {0,2}(Galaxy(?: Ace| Nexus| S ?II+|Nexus S| with MCR 1.2| Mini Plus 4G|)) Build/","['brand','device','model']","['Samsung','Samsung $1','$1']"
137,0,"; {0,2}(Garminfone)(?: Build|\) AppleWebKit)","['brand','device','model']","['Garmin-Asus','Garmin $1','$1']"
207,0,"; {0,2}(Geeksphone) ([^;/]{1,100}?)(?: Build|\) AppleWebKit)","['brand','device','model']","['$1','$1 $2','$2']"
341,0,"; {0,2}(GenxDroid7|MSD7.{0,200}?|AX\d.{0,200}?|Tab 701|Tab 722)(?: Build|\) AppleWebKit)","['brand','device','model']","['Maxx','Maxx $1','$1']"
209,0,"; {0,2}(Gionee)[ _\-]([^;/]{1,100}?)(?:/[^;/]{1,100}|)(?: Build|\) AppleWebKit)","['brand','device','model','regex_flag']","['Gionee','$1 $2','$2','i']"
215,0,"; {0,2}(Glass \d+)(?: Build|\) AppleWebKit)","['brand','device','model']","['Google','$1','$1']"
440,0,"; {0,2}(Google |)(Nexus [Ss](?: 4G|)) Build/","['brand','device','model']","['Samsung','Samsung $1$2','$2']"
399,0,"; {0,2}(HD1903|GM1917|IN2025|LE2115|LE2127|HD1907|BE2012|BE2025|BE2026|BE2028|BE2029|DE2117|DE2118|EB2101|GM1900|GM1910|GM1915|HD1905|HD1925|IN2015|IN2017|IN2019|KB2005|KB2007|LE2117|LE2125|BE2015|GM1903|HD1900|HD1901|HD1910|HD1913|IN2010|IN2013|IN2020|LE2111|LE2120|LE2121|LE2123|BE2011|IN2023|KB2003|LE2113|NE2215|DN2101)(?: Build|\) AppleWebKit)","['brand','device','model']","['OnePlus','OnePlus $1','OnePlus $1']"
189,0,"; {0,2}(HT-03A)(?: Build|\) AppleWebKit)","['brand','device','model']","['HTC','$1','Magic']"
190,0,"; {0,2}(HT\-\d[^;/]{1,100}?)(?: Build|\) AppleWebKit)","['brand','device','model']","['HTC','$1','$1']"
233,0,"; {0,2}(HUAWEI |Huawei-|)([UY][^;/]{1,100}) Build/(?:Huawei|HUAWEI)([UY][^\);]+)\)","['brand','device','model']","['Huawei','$1$2','$2']"
143,0,"; {0,2}(HY5001|HY6501|X12|X21|I5)(?: Build|\) AppleWebKit)","['brand','device','model']","['Bedove','Bedove $1','$1']"
574,0,"; {0,2}(H\d{2}00\+?) Build","['brand','device','model']","['Hero','$1','$1']"
277,0,"; {0,2}(I-Buddy)[ _]([^;/]{1,100}?) {0,2}(?:Build|;)","['brand','device','model']","['Intex','$1 $2','iBuddy $2']"
142,0,"; {0,2}(IBAK\-[^;/]*)(?: Build|\) AppleWebKit)","['brand','device','model','regex_flag']","['Bak','$1','$1','i']"
265,0,"; {0,2}(IBall)(?:[ _]([^;/]{1,100}?)|)(?: Build|\) AppleWebKit)","['brand','device','model','regex_flag']","['iBall','$1 $2','$2','i']"
459,0,"; {0,2}(IMAGINE [^;/]{1,100}?)(?: Build|\) AppleWebKit)","['brand','device','model']","['Skytex','$1','$1']"
267,0,"; {0,2}(IMO)[ _]([^;/]{1,100}?)(?: Build|\) AppleWebKit)","['brand','device','model','regex_flag']","['IMO','$1 $2','$2','i']"
309,0,"; {0,2}(INFOBAR [^;/]{1,100}?)(?: Build|\) AppleWebKit)","['brand','device','model']","['KDDI','$1','$1']"
161,0,"; {0,2}(INM8002KP|ADM8000KP_[AB])(?: Build|\) AppleWebKit)","['brand','device','model']","['Cat','$1','Tablet PHOENIX 8.1J0']"
203,0,"; {0,2}(IQ.{0,200}?)(?: Build|\) AppleWebKit)","['brand','device','model']","['Fly','$1','$1']"
290,0,"; {0,2}(IS01|IS03|IS05|IS\d{2}SH)(?: Build|\) AppleWebKit)","['brand','device','model']","['Sharp','$1','$1']"
291,0,"; {0,2}(IS04)(?: Build|\) AppleWebKit)","['brand','device','model']","['Regza','$1','$1']"
292,0,"; {0,2}(IS06|IS\d{2}PT)(?: Build|\) AppleWebKit)","['brand','device','model']","['Pantech','$1','$1']"
294,0,"; {0,2}(IS11CA)(?: Build|\) AppleWebKit)","['brand','device','model']","['Casio','$1','GzOne $1']"
295,0,"; {0,2}(IS11LG)(?: Build|\) AppleWebKit)","['brand','device','model']","['LG','$1','Optimus X']"
296,0,"; {0,2}(IS11N)(?: Build|\) AppleWebKit)","['brand','device','model']","['Medias','$1','$1']"
297,0,"; {0,2}(IS11PT)(?: Build|\) AppleWebKit)","['brand','device','model']","['Pantech','$1','MIRACH']"
293,0,"; {0,2}(IS11S)(?: Build|\) AppleWebKit)","['brand','device','model']","['SonyEricsson','$1','Xperia Acro']"
298,0,"; {0,2}(IS12F)(?: Build|\) AppleWebKit)","['brand','device','model']","['Fujitsu','$1','Arrows ES']"
299,0,"; {0,2}(IS12M)(?: Build|\) AppleWebKit)","['brand','device','model']","['Motorola','$1','XT909']"
300,0,"; {0,2}(IS12S)(?: Build|\) AppleWebKit)","['brand','device','model']","['SonyEricsson','$1','Xperia Acro HD']"
301,0,"; {0,2}(ISW11F)(?: Build|\) AppleWebKit)","['brand','device','model']","['Fujitsu','$1','Arrowz Z']"
302,0,"; {0,2}(ISW11HT)(?: Build|\) AppleWebKit)","['brand','device','model']","['HTC','$1','EVO']"
303,0,"; {0,2}(ISW11K)(?: Build|\) AppleWebKit)","['brand','device','model']","['Kyocera','$1','DIGNO']"
304,0,"; {0,2}(ISW11M)(?: Build|\) AppleWebKit)","['brand','device','model']","['Motorola','$1','Photon']"
305,0,"; {0,2}(ISW11SC)(?: Build|\) AppleWebKit)","['brand','device','model']","['Samsung','$1','GALAXY S II WiMAX']"
306,0,"; {0,2}(ISW12HT)(?: Build|\) AppleWebKit)","['brand','device','model']","['HTC','$1','EVO 3D']"
307,0,"; {0,2}(ISW13HT)(?: Build|\) AppleWebKit)","['brand','device','model']","['HTC','$1','J']"
308,0,"; {0,2}(ISW?[0-9]{2}[A-Z]{0,2})(?: Build|\) AppleWebKit)","['brand','device','model']","['KDDI','$1','$1']"
323,0,"; {0,2}(Idea(?:Tab|pad)) ?([^;/]{1,100}) Build","['brand','device','model']","['Lenovo','Lenovo $1 $2','$1 $2']"
322,0,"; {0,2}(Idea[Tp]ab)[ _]([^;/]{1,100});? Build","['brand','device','model']","['Lenovo','Lenovo $1 $2','$1 $2']"
270,0,"; {0,2}(ImPAD) ?(\d+(?:.){0,100}?)(?: Build|\) AppleWebKit)","['brand','device','model']","['Impression','$1 $2','$1 $2']"
271,0,"; {0,2}(Infinix)[ _]([^;/]{1,100}?)(?: Build|\) AppleWebKit)","['brand','device','model']","['Infinix','$1 $2','$2']"
272,0,"; {0,2}(Informer)[ \-]([^;/]{1,100}?)(?: Build|\) AppleWebKit)","['brand','device','model']","['Informer','$1 $2','$2']"
144,0,"; {0,2}(JC-[^;/]*)(?: Build|\) AppleWebKit)","['brand','device','model']","['Benss','Benss $1','$1']"
310,0,"; {0,2}(JOYPAD|Joypad)[ _]([^;/]{1,100}?)(?: Build|\) AppleWebKit)","['brand','device','model']","['Kingcom','$1 $2','$1 $2']"
286,0,"; {0,2}(JXD)[ _\-]([^;/]{1,100}?)(?: Build|\) AppleWebKit)","['brand','device','model']","['JXD','$1 $2','$2']"
285,0,"; {0,2}(JY-[^;/]{1,100}|G[234]S?)(?: Build|\) AppleWebKit)","['brand','device','model']","['Jiayu','$1','$1']"
313,0,"; {0,2}(K-Touch)[ _]([^;/]{1,100}?)(?: Build|\) AppleWebKit)","['brand','device','model','regex_flag']","['Ktouch','$1 $2','$2','i']"
333,0,"; {0,2}(LG-)([A-Z]{1,2}\d{2,}[^,;/\)\(]*?)(?:Build| V\d+|[,;/\)\(]|$)","['brand','device','model']","['LG','$1$2','$2']"
334,0,"; {0,2}(LG[ \-]|LG)([^;/]{1,100})[;/]? Build","['brand','device','model']","['LG','$1$2','$2']"
378,0,"; {0,2}(LT-NA7)(?: Build|\) AppleWebKit)","['brand','device','model']","['Nec','$1','Lifetouch Note']"
191,0,"; {0,2}(L\-\d[^;/]{1,100}?)(?: Build|\) AppleWebKit)","['brand','device','model']","['LG','$1','$1']"
343,0,"; {0,2}(M-MP[^;/]{1,30}|SmartPad ?\d{2,}[^;/]{1,30}?)(?: Build|\) AppleWebKit)","['brand','device','model']","['Mediacom','Mediacom $1','$1']"
342,0,"; {0,2}(M-PP[^;/]{1,30}|PhonePad ?\d{2,}[^;/]{1,30}?)(?: Build|\) AppleWebKit)","['brand','device','model']","['Mediacom','Mediacom $1','$1']"
346,0,"; {0,2}(M030|M031|M035|M040|M065|m9)(?: Build|\) AppleWebKit)","['brand','device','model']","['Meizu','Meizu $1','$1']"
340,0,"; {0,2}(M1052|M806|M9000|M9100|M9701|MID100|MID120|MID125|MID130|MID135|MID140|MID701|MID710|MID713|MID727|MID728|MID731|MID732|MID733|MID735|MID736|MID737|MID760|MID800|MID810|MID820|MID830|MID833|MID835|MID860|MID900|MID930|MID933|MID960|MID980)(?: Build|\) AppleWebKit)","['brand','device','model']","['Match','$1','$1']"
205,0,"; {0,2}(M532|Q572|FJL21)(?: Build|\) AppleWebKit)","['brand','device','model']","['Fujitsu','$1','$1']"
222,0,"; {0,2}(M701|M7|M8|M9)(?: Build|\) AppleWebKit)","['brand','device','model']","['Haipad','Haipad $1','$1']"
280,0,"; {0,2}(M702pro)(?: Build|\) AppleWebKit)","['brand','device','model']","['Iru','$1','$1']"
134,0,"; {0,2}(ME17\d[^;/]*|ME3\d{2}[^;/]{1,100}|K00[A-Z]|Nexus 10|Nexus 7(?: 2013|)|PadFone[^;/]*|Transformer[^;/]*|TF\d{3}[^;/]*|eeepc)(?: Build|\) AppleWebKit)","['brand','device','model']","['Asus','Asus $1','$1']"
330,0,"; {0,2}(MFC\d+)[A-Z]{2}([^;,/]*),?(?: Build|\) AppleWebKit)","['brand','device','model']","['Lexibook','$1$2','$1$2']"
226,0,"; {0,2}(MID-?\d{4}C[EM])(?: Build|\) AppleWebKit)","['brand','device','model']","['Hena','Hena $1','$1']"
357,0,"; {0,2}(MITO)[ _\-]?([^;/]{1,100}?)(?: Build|\) AppleWebKit)","['brand','device','model','regex_flag']","['Mito','$1 $2','$2','i']"
538,0,"; {0,2}(MIX) (Build|MIUI)/","['brand','device','model']","['XiaoMi','XiaoMi $1','$1']"
424,0,"; {0,2}(MOB-[^;/]{1,100}?)(?: Build|\) AppleWebKit)","['brand','device','model']","['POV','$1','$1']"
360,0,"; {0,2}(MODECOM )([^;/]{1,100}?)(?: Build|\) AppleWebKit)","['brand','device','model','regex_flag']","['Modecom','$1 $2','$2','i']"
359,0,"; {0,2}(MODECOM |)(FreeTab) ?([^;/]{1,100}?)(?: Build|\) AppleWebKit)","['brand','device','model','regex_flag']","['Modecom','$1$2 $3','$2 $3','i']"
418,0,"; {0,2}(MOMO[^;/]{1,100}?)(?: Build|\) AppleWebKit)","['brand','device','model']","['Ployer','$1','$1']"
339,0,"; {0,2}(MS[45][0-9]{3}|MID0[568][NS]?|MID[1-9]|MID[78]0[1-9]|MID970[1-9]|MID100[1-9])(?: Build|\) AppleWebKit)","['brand','device','model']","['Manta','$1','$1']"
120,0,"; {0,2}(MW(?:0[789]|10)[^;/]{1,100}?)(?: Build|\) AppleWebKit)","['brand','device','model']","['Aoc','$1','$1']"
361,0,"; {0,2}(MZ\d{3}\+?|MZ\d{3} 4G|Xoom|XOOM[^;/]*) Build","['brand','device','model']","['Motorola','Motorola $1','$1']"
154,0,"; {0,2}(Maxwell [^;/]{1,100}?)(?: Build|\) AppleWebKit)","['brand','device','model']","['bq','$1','$1']"
240,0,"; {0,2}(MediaPad[^;]{1,200}|SpringBoard) Build/Huawei","['brand','device','model']","['Huawei','$1','$1']"
362,0,"; {0,2}(Milestone )(XT[^;/]*) Build","['brand','device','model']","['Motorola','Motorola $1$2','$2']"
182,0,"; {0,2}(Mini-3iX)(?: Build|\) AppleWebKit)","['brand','device','model']","['Dell','Dell $1','$1']"
367,0,"; {0,2}(Moto[_ ]?|MOT\-)([^;/]{1,100}) Build","['brand','device','model']","['Motorola','$1$2','$2']"
363,0,"; {0,2}(Motoroi ?x|Droid X|DROIDX) Build","['brand','device','model','regex_flag']","['Motorola','Motorola $1','DROID X','i']"
366,0,"; {0,2}(Motorola MOT-|Motorola[ _\-]|MOT\-?)([^;/]{1,100}) Build","['brand','device','model']","['Motorola','$1$2','$2']"
371,0,"; {0,2}(My)[_]?(Pad)[ _]([^;/]{1,100}?)(?: Build|\) AppleWebKit)","['brand','device','model']","['MyPhone','$1$2 $3','$1$2 $3']"
372,0,"; {0,2}(My)\|?(Phone)[ _]([^;/]{1,100}?)(?: Build|\) AppleWebKit)","['brand','device','model']","['MyPhone','$1$2 $3','$3']"
376,0,"; {0,2}(N-\d+[CDE])(?: Build|\) AppleWebKit)","['brand','device','model']","['Nec','$1','$1']"
375,0,"; {0,2}(NABI2?-)([^;/]{1,100}?)(?: Build|\) AppleWebKit)","['brand','device','model']","['Nabi','$1$2','$2']"
383,0,"; {0,2}(NOOK |)(BNRV200|BNRV200A|BNTV250|BNTV250A|BNTV400|BNTV600|LogicPD Zoom2)(?: Build|\) AppleWebKit)","['brand','device','model']","['Nook','$1$2','$2']"
266,0,"; {0,2}(NT-\d+[^ ;/]{0,50}|Net[Tt]AB [^;/]{1,50}|Mercury [A-Z]{1,50}|iconBIT)(?: S/N:[^;/]{1,50}|)(?: Build|\) AppleWebKit)","['brand','device','model']","['IconBIT','$1','$1']"
479,0,"; {0,2}(NW-Z1000Series)(?: Build|\) AppleWebKit)","['brand','device','model']","['Sony','$1','$1']"
379,0,"; {0,2}(NXM\d+[A-Za-z0-9_]{0,50}|Next\d[A-Za-z0-9_ \-]{0,50}|NEXT\d[A-Za-z0-9_ \-]{0,50}|Nextbook [A-Za-z0-9_ ]{0,50}|DATAM803HC|M805)(?: Build|[\);])","['brand','device','model']","['Nextbook','$1','$1']"
192,0,"; {0,2}(N\-\d[^;/]{1,100}?)(?: Build|\) AppleWebKit)","['brand','device','model']","['Nec','$1','$1']"
380,0,"; {0,2}(Nokia)([ _\-]{0,5})([^;/]{0,50}) Build","['brand','device','model','regex_flag']","['Nokia','$1$2$3','$3','i']"
382,0,"; {0,2}(Nook ?|Barnes & Noble Nook |BN )([^;/]{1,100}?)(?: Build|\) AppleWebKit)","['brand','device','model']","['Nook','$1$2','$2']"
385,0,"; {0,2}(OP110|OliPad[^;/]{1,100}?)(?: Build|\) AppleWebKit)","['brand','device','model']","['Olivetti','Olivetti $1','$1']"
103,0,"; {0,2}(OnePAD[^;/]{1,100}?)(?: Build|\) AppleWebKit)","['brand','device','model','regex_flag']","['Airis','$1','$1','i']"
245,0,"; {0,2}(Orange Daytona|Pulse|Pulse Mini|Vodafone 858|C8500|C8600|C8650|C8660|Nexus 6P|ATH-.{1,200}?) Build[/ ]","['brand','device','model']","['Huawei','Huawei $1','$1']"
552,0,"; {0,2}(Orange |Optimus )(Monte Carlo|San Francisco)(?: Build|\) AppleWebKit)","['brand','device','model']","['ZTE','$1$2','$1$2']"
486,0,"; {0,2}(Oyster500|Opal 800)(?: Build|\) AppleWebKit)","['brand','device','model']","['Tecmobile','Tecmobile $1','$1']"
543,0,"; {0,2}(PAD ?[79]\d+[^;/]{0,50}|TelePAD\d+[^;/])(?: Build|\) AppleWebKit)","['brand','device','model']","['Xoro','Xoro $1','$1']"
490,0,"; {0,2}(PAD) ?(100[12])(?: Build|\) AppleWebKit)","['brand','device','model']","['Terra','Terra $1$2','$1$2']"
129,0,"; {0,2}(PAD-FMD[^;/]{1,100}?)(?: Build|\) AppleWebKit)","['brand','device','model']","['Arival','$1','$1']"
221,0,"; {0,2}(PAD1016)(?: Build|\) AppleWebKit)","['brand','device','model']","['Haipad','Haipad $1','$1']"
395,0,"; {0,2}(PEDI)_(PLUS)_(W)(?: Build|\) AppleWebKit)","['brand','device','model']","['Odys','Odys $1 $2 $3','$1 $2 $3']"
428,0,"; {0,2}(PLT[0-9]{4}.{0,200}?)(?: Build|\) AppleWebKit)","['brand','device','model']","['Proscan','$1','$1']"
421,0,"; {0,2}(POMP)[ _\-](.{1,200}?) {0,2}(?:Build|[;/\)])","['brand','device','model']","['Pomp','$1 $2','$2']"
193,0,"; {0,2}(P\-\d[^;/]{1,100}?)(?: Build|\) AppleWebKit)","['brand','device','model']","['Panasonic','$1','$1']"
356,0,"; {0,2}(P\d{3}|P\d{3}\(Funbook\)) Build","['brand','device','model','regex_flag']","['Micromax','Micromax $1','$1','i']"
404,0,"; {0,2}(Panasonic)[_ ]([^;/]{1,100}?)(?: Build|\) AppleWebKit)","['brand','device','model']","['$1','$1 $2','$2']"
230,0,"; {0,2}(PlayBook)(?: Build|\) AppleWebKit)","['brand','device','model']","['HP','HP $1','$1']"
430,0,"; {0,2}(Q[Mm]obile)_([^_]+)_([^_]+?)(?: Build|\) AppleWebKit)","['brand','device','model']","['Qmobile','Qmobile $2 $3','$2 $3']"
433,0,"; {0,2}(Q\-?[Mm]obile)[ _\-](S[^;/]{1,100}?)(?: Build|\) AppleWebKit)","['brand','device','model']","['Qmobilevn','$1 $2','$2']"
431,0,"; {0,2}(Q\-?[Mm]obile)[_ ](A[^;/]{1,100}?)(?: Build|\) AppleWebKit)","['brand','device','model']","['Qmobile','Qmobile $2','$2']"
432,0,"; {0,2}(Q\-Smart)[ _]([^;/]{1,100}?)(?: Build|\) AppleWebKit)","['brand','device','model']","['Qmobilevn','$1 $2','$2']"
437,0,"; {0,2}(RK\d+),?(?: Build|\) AppleWebKit)","['brand','device','model']","['Rockchip','$1','$1']"
235,0,"; {0,2}(S7|M860) Build","['brand','device','model']","['Huawei','$1','$1']"
441,0,"; {0,2}(SAMSUNG |Samsung )([^\/]{0,50})\/[^ ]{0,50} Build/","['brand','device','model']","['Samsung','Samsung $2','$2']"
439,0,"; {0,2}(SAMSUNG |Samsung |)((?:Galaxy (?:Note II|S\d)|GT-I9082|GT-I9205|GT-N7\d{3}|SM-N9005)[^;/]{0,100})\/?[^;/]{0,50} Build/","['brand','device','model']","['Samsung','Samsung $1$2','$2']"
444,0,"; {0,2}(SAMSUNG-|)(GT\-[BINPS]\d{4}[^\/]{0,50})(\/[^ ]{0,50}) Build","['brand','device','model']","['Samsung','Samsung $1$2$3','$2']"
443,0,"; {0,2}(SAMSUNG[ _\-]|)(?:SAMSUNG[ _\-])([^;/]{1,100}) Build","['brand','device','model']","['Samsung','Samsung $2','$2']"
462,0,"; {0,2}(SBM(?:003SH|005SH|006SH|007SH|102SH)) Build","['brand','device','model']","['Sharp','$1','$1']"
194,0,"; {0,2}(SC\-\d[^;/]{1,100}?)(?: Build|\) AppleWebKit)","['brand','device','model']","['Samsung','$1','$1']"
394,0,"; {0,2}(SELECT) ?(7)(?: Build|\) AppleWebKit)","['brand','device','model']","['Odys','Odys $1 $2','$1 $2']"
478,0,"; {0,2}(SGP\d{3}|SGPT\d{2})(?: Build|\) AppleWebKit)","['brand','device','model']","['Sony','$1','$1']"
453,0,"; {0,2}(SHARP[ -])([^;/]{1,100}?)(?: Build|\) AppleWebKit)","['brand','device','model']","['Sharp','$1$2','$2']"
452,0,"; {0,2}(SH\-?\d\d[^;/]{1,100}|SBM\d[^;/]{1,100}?)(?: Build|\) AppleWebKit)","['brand','device','model']","['Sharp','$1','$1']"
195,0,"; {0,2}(SH\-\d[^;/]{1,100}?)(?: Build|\) AppleWebKit)","['brand','device','model']","['Sharp','$1','$1']"
407,0,"; {0,2}(SKY[ _]|)(IM\-[AT]\d{3}[^;/]{1,100}).{0,30} Build/","['brand','device','model']","['Pantech','Pantech $1$2','$1$2']"
457,0,"; {0,2}(SK\-.{0,200}?)(?: Build|\) AppleWebKit)","['brand','device','model']","['SKtelesys','$1','$1']"
223,0,"; {0,2}(SN\d+T[^;\)/]*)(?: Build|[;\)])","['brand','device','model']","['Hannspree','Hannspree $1','$1']"
196,0,"; {0,2}(SO\-\d[^;/]{1,100}?)(?: Build|\) AppleWebKit)","['brand','device','model']","['SonyEricsson','$1','$1']"
454,0,"; {0,2}(SPX[_\-]\d[^;/]*)(?: Build|\) AppleWebKit)","['brand','device','model']","['Simvalley','$1','$1']"
456,0,"; {0,2}(SP[T]?\-\d{2}[^;/]*)(?: Build|\) AppleWebKit)","['brand','device','model']","['Simvalley','$1','$1']"
468,0,"; {0,2}(ST\d{4}.{0,200})Build/ST","['brand','device','model']","['Trekstor','Trekstor $1','$1']"
469,0,"; {0,2}(ST\d{4}.{0,200}?)(?: Build|\) AppleWebKit)","['brand','device','model']","['Trekstor','Trekstor $1','$1']"
455,0,"; {0,2}(SX7\-PEARL\.GmbH)(?: Build|\) AppleWebKit)","['brand','device','model']","['Simvalley','$1','$1']"
460,0,"; {0,2}(SmartQ) ?([^;/]{1,100}?)(?: Build|\) AppleWebKit)","['brand','device','model']","['$1','$1 $2','$2']"
549,0,"; {0,2}(SmartTab\d+)[^;]{0,50}(?: Build|\) AppleWebKit)","['brand','device','model']","['ZTE','$1','$1']"
470,0,"; {0,2}(Sony ?Ericsson ?)([^;/]{1,100}) Build","['brand','device','model']","['SonyEricsson','$1$2','$2']"
475,0,"; {0,2}(Sony)([A-Za-z0-9\-]+)(?: Build|\) AppleWebKit)","['brand','device','model']","['$1','$1 $2','$2']"
483,0,"; {0,2}(Sprint )(.{1,200}?) {0,2}(?:Build|[;/])","['brand','device','model']","['Sprint','$1$2','$2']"
139,0,"; {0,2}(T-(?:07|[^0]\d)[^;/]{1,100}?)(?: Build|\) AppleWebKit)","['brand','device','model']","['Audiosonic','$1','$1']"
489,0,"; {0,2}(T-Hub2)(?: Build|\) AppleWebKit)","['brand','device','model']","['Telstra','$1','$1']"
501,0,"; {0,2}(T-Mobile G1) Build","['brand','device','model']","['HTC','$1','Dream']"
498,0,"; {0,2}(T-Mobile myTouch Q) Build","['brand','device','model']","['Huawei','$1','U8730']"
499,0,"; {0,2}(T-Mobile myTouch) Build","['brand','device','model']","['Huawei','$1','U8680']"
497,0,"; {0,2}(T-Mobile[ _]G2) Build","['brand','device','model']","['HTC','$1','Desire Z']"
496,0,"; {0,2}(T-Mobile[ _]G2[ _]Touch) Build","['brand','device','model']","['HTC','$1','Hero']"
500,0,"; {0,2}(T-Mobile_Espresso) Build","['brand','device','model']","['HTC','$1','Espresso']"
495,0,"; {0,2}(T100|T200|T5|W100|W200|W8s)(?: Build|\) AppleWebKit)","['brand','device','model']","['Thl','$1','$1']"
434,0,"; {0,2}(TA1013)(?: Build|\) AppleWebKit)","['brand','device','model']","['Quanta','$1','$1']"
273,0,"; {0,2}(TAB) ?([78][12]4)(?: Build|\) AppleWebKit)","['brand','device','model']","['Intenso','Intenso $1','$1 $2']"
319,0,"; {0,2}(TAB-1012)(?: Build|\) AppleWebKit)","['brand','device','model']","['Lenco','Lenco $1','$1']"
485,0,"; {0,2}(TAGI[ ]?)(MID) ?([^;/]{1,100}?)(?: Build|\) AppleWebKit)","['brand','device','model']","['Tagi','$1$2$3','$2$3']"
185,0,"; {0,2}(TA[CD]-\d+[^;/]{0,100})(?: Build|\) AppleWebKit)","['brand','device','model']","['Denver','$1','$1']"
381,0,"; {0,2}(TA\-\d{4})(?: Build|\) AppleWebKit)","['brand','device','model']","['Nokia','Nokia $1','$1']"
422,0,"; {0,2}(TB07STA|TB10STA|TB07FTA|TB10FTA)(?: Build|\) AppleWebKit)","['brand','device','model']","['Positivo','$1','$1']"
107,0,"; {0,2}(TCL)[ _]([^;/]{1,100}?)(?: Build|\) AppleWebKit)","['brand','device','model']","['$1','$1 $2','$2']"
487,0,"; {0,2}(TECNO[ _])([^;/]{1,100}?)(?: Build|\) AppleWebKit)","['brand','device','model']","['Tecno','$1$2','$2']"
510,0,"; {0,2}(TM-MID\d+[^;/]{1,50}|TOUCHMATE|MID-750)(?: Build|\) AppleWebKit)","['brand','device','model']","['Touchmate','$1','$1']"
511,0,"; {0,2}(TM-SM\d+[^;/]{1,50}?)(?: Build|\) AppleWebKit)","['brand','device','model']","['Touchmate','$1','$1']"
151,0,"; {0,2}(TOUCH\d[^;/]{1,100}?)(?: Build|\) AppleWebKit)","['brand','device','model']","['Blusens','$1','$1']"
402,0,"; {0,2}(TP-\d+)(?: Build|\) AppleWebKit)","['brand','device','model']","['Orion','Orion $1','$1']"
284,0,"; {0,2}(TPC-\d+|JAY-TECH)(?: Build|\) AppleWebKit)","['brand','device','model']","['Jaytech','$1','$1']"
166,0,"; {0,2}(TPC[0-9]{4,5})(?: Build|\) AppleWebKit)","['brand','device','model']","['ChangJia','$1','$1']"
279,0,"; {0,2}(TP\d+(?:\.\d+|)\-\d[^;/]{1,100}?)(?: Build|\) AppleWebKit)","['brand','device','model']","['ionik','ionik $1','$1']"
513,0,"; {0,2}(TREQ[ _\-])([^;/]{1,100}?)(?: Build|\) AppleWebKit)","['brand','device','model','regex_flag']","['Treq','$1$2','$2','i']"
491,0,"; {0,2}(T[BM]-\d{3}[^;/]{1,100}?)(?: Build|\) AppleWebKit)","['brand','device','model']","['Texet','$1','$1']"
197,0,"; {0,2}(T\-0[12][^;/]{1,100}?)(?: Build|\) AppleWebKit)","['brand','device','model']","['Toshiba','$1','$1']"
324,0,"; {0,2}(ThinkPad) ?(Tablet) Build/","['brand','device','model']","['Lenovo','Lenovo $1 $2','$1 $2']"
141,0,"; {0,2}(V(?:100|700|800)[^;/]*)(?: Build|\) AppleWebKit)","['brand','device','model']","['Azend','$1','$1']"
521,0,"; {0,2}(Videocon)[ _\-]([^;/]{1,100}?) {0,2}(?:Build|;)","['brand','device','model']","['Videocon','$1 $2','$2']"
524,0,"; {0,2}(ViewSonic-)([^;/]{1,100}?)(?: Build|\) AppleWebKit)","['brand','device','model']","['Viewsonic','$1$2','$2']"
108,0,"; {0,2}(Vodafone Smart II|Optimus_Madrid)(?: Build|\) AppleWebKit)","['brand','device','model']","['Alcatel','Alcatel $1','$1']"
311,0,"; {0,2}(Vox|VOX|Arc|K080)(?: Build|\) AppleWebKit)","['brand','device','model','regex_flag']","['Kobo','$1','$1','i']"
461,0,"; {0,2}(WF7C|WF10C|SBT[^;/]{1,100}?)(?: Build|\) AppleWebKit)","['brand','device','model']","['Smartbitt','$1','$1']"
514,0,"; {0,2}(X-?5|X-?3)(?: Build|\) AppleWebKit)","['brand','device','model']","['Umeox','$1','$1']"
263,0,"; {0,2}(X700|Hold X|MB-6900)(?: Build|\) AppleWebKit)","['brand','device','model']","['Hyundai','Hyundai $1','$1']"
177,0,"; {0,2}(XCD)[ _]?(28|35)(?: Build|\) AppleWebKit)","['brand','device','model']","['Dell','Dell $1$2','$1$2']"
472,0,"; {0,2}(Xperia (?:A8|Arc|Acro|Active|Live with Walkman|Mini|Neo|Play|Pro|Ray|X\d+)[^;/]{0,50}) Build","['brand','device','model','regex_flag']","['SonyEricsson','$1','$1','i']"
476,0,"; {0,2}(Xperia [^;/]{1,100}?)(?: Build|\) AppleWebKit)","['brand','device','model']","['Sony','$1','$1']"
98,0,"; {0,2}(Z1[1235]0|E320[^/]{0,10}|S500|S510|Liquid[^;/]{0,30}|Iconia A\d+)(?: Build|\) AppleWebKit)","['brand','device','model']","['Acer','$1','$1']"
546,0,"; {0,2}(Zii)_([^;/]*)(?: Build|\) AppleWebKit)","['brand','device','model']","['ZiiLabs','$1 $2','$2']"
545,0,"; {0,2}(ZiiLABS) (Zii[^;/]*)(?: Build|\) AppleWebKit)","['brand','device','model']","['ZiiLabs','$1 $2','$2']"
315,0,"; {0,2}(Zio|Hydro|Torque|Event|EVENT|Echo|Milano|Rise|URBANO PROGRESSO|WX04K|WX06K|WX10K|KYL21|101K|C5[12]\d{2})(?: Build|\) AppleWebKit)","['brand','device','model']","['Kyocera','$1','$1']"
148,0,"; {0,2}([0-9]+BP[EM][^;/]*|Endeavour[^;/]{1,100}?)(?: Build|\) AppleWebKit)","['brand','device','model']","['Blaupunkt','Blaupunkt $1','$1']"
548,0,"; {0,2}([A-Z]\d+)_USA_[^;]{0,200}(?: Build|\) AppleWebKit)","['brand','device','model']","['ZTE','$1','$1']"
535,0,"; {0,2}([A-Z]{2,4})(M\d{3,}[A-Z]{2})([^;\)\/]*)(?: Build|[;\)])","['brand','device','model']","['Yifang','Yifang $1$2$3','$2']"
94,0,"; {0,2}([BLRQ]C\d{4}[A-Z]{1,100}?)(?: Build|\) AppleWebKit)","['brand','device','model']","['3Q','3Q $1','$1']"
153,0,"; {0,2}([Bb]q) ([^;/]{1,100}?);?(?: Build|\) AppleWebKit)","['brand','device','model']","['bq','$1 $2','$2']"
508,0,"; {0,2}([Ff]olio ?100)(?: Build|\) AppleWebKit)","['brand','device','model']","['Toshiba','$1','Folio 100']"
181,0,"; {0,2}([Ss]treak ?7)(?: Build|\) AppleWebKit)","['brand','device','model']","['Dell','Dell $1','Streak 7']"
242,0,"; {0,2}([Uu])([89]\d{3}) Build","['brand','device','model']","['Huawei','$1$2','U$2']"
526,0,"; {0,2}([Vv]ivo)[ _]([^;/]{1,100}?)(?: Build|\) AppleWebKit)","['brand','device','model']","['vivo','$1 $2','$2']"
232,0,"; {0,2}([^/]{1,30}_tenderloin)(?: Build|\) AppleWebKit)","['brand','device','model']","['HP','HP TouchPad','TouchPad']"
172,0,"; {0,2}([^;/]{0,50})Coolpad[ _]([^;/]{1,100}?)(?: Build|\) AppleWebKit)","['brand','device','model']","['Coolpad','$1$2','$1$2']"
234,0,"; {0,2}([^;/]{1,100}) Build[/ ]Huawei(MT1-U06|[A-Z]{1,50}\d+[^\);]{1,50})\)","['brand','device','model']","['Huawei','$1','$2']"
225,0,"; {0,2}([^;\/]+) Build/HCL","['brand','device','model']","['HCLme','HCLme $1','$1']"
241,0,"; {0,2}([^;]{1,200}) Build/(?:Huawei|HUAWEI)","['brand','device','model']","['Huawei','$1','$1']"
247,0,"; {0,2}([^;]{1,200}) Build/(HONOR|Honor)","['brand','device','model']","['Huawei','Huawei Honor $1','Honor $1']"
288,0,"; {0,2}([^;]{1,200}) Build/Karbonn","['brand','device','model']","['Karbonn','$1','$1']"
217,0,"; {0,2}([g|G]oogle)? (Pixel.{0,200}?)(?: Build|\) AppleWebKit)","['brand','device','model']","['Google','$2','$2']"
216,0,"; {0,2}([g|G]oogle)? (Pixel[ a-zA-z0-9]{1,100});(?: Build|.{0,50}\) AppleWebKit)","['brand','device','model']","['Google','$2','$2']"
276,0,"; {0,2}([iI]Buddy)[ _]?(Connect)(?:_|\?_| |)([^;/]{0,50}) {0,2}(?:Build|;)","['brand','device','model']","['Intex','$1 $2 $3','iBuddy $2 $3']"
228,0,"; {0,2}(andromax[^;/]{1,100}?)(?: Build|\) AppleWebKit)","['brand','device','model','regex_flag']","['Hisense','Hisense $1','$1','i']"
406,0,"; {0,2}(dL1|DL1)(?: Build|\) AppleWebKit)","['brand','device','model']","['Panasonic','Panasonic $1','$1']"
576,0,"; {0,2}(e\d{4}[a-z]?_?v\d+|v89_[^;/]{1,100})[^;/]{1,30} Build/","['brand','device','model']","['Xianghe','Xianghe $1','$1']"
269,0,"; {0,2}(i-(?:style|note)[^/]{0,10})(?: Build|\) AppleWebKit)","['brand','device','model','regex_flag']","['imobile','i-mobile $1','$1','i']"
278,0,"; {0,2}(iOCEAN) ([^/]{1,50})(?: Build|\) AppleWebKit)","['brand','device','model','regex_flag']","['iOCEAN','$1 $2','$2','i']"
186,0,"; {0,2}(iP[789]\d{2}(?:-3G)?|IP10\d{2}(?:-8GB)?)(?: Build|\) AppleWebKit)","['brand','device','model']","['Dex','$1','$1']"
219,0,"; {0,2}(imx5[13]_[^/]{1,50})(?: Build|\) AppleWebKit)","['brand','device','model']","['Freescale','Freescale $1','$1']"
575,0,"; {0,2}(iphone|iPhone5) Build/","['brand','device','model']","['Xianghe','Xianghe $1','$1']"
669,0,"; {0,2}(moto)(.{0,50})(?: Build|\) AppleWebKit)","['brand','device','model']","['Motorola','Motorola$2','$2']"
374,0,"; {0,2}(myTab[^;/]*)(?: Build|\) AppleWebKit)","['brand','device','model']","['Mytab','$1','$1']"
105,0,"; {0,2}(one ?touch) (EVO7|T10|T20)(?: Build|\) AppleWebKit)","['brand','device','model']","['Alcatel','Alcatel One Touch $2','One Touch $2']"
410,0,"; {0,2}(papyre)[ _\-]([^;/]{1,100}?)(?: Build|\) AppleWebKit)","['brand','device','model','regex_flag']","['Papyre','$1 $2','$2','i']"
542,0,"; {0,2}(q\d0{2,3}[a-z]?)(?: Build|\) AppleWebKit)","['brand','device','model','regex_flag']","['Xolo','Xolo $1','$1','i']"
492,0,"; {0,2}(tolino [^;/]{1,100}?)(?: Build|\) AppleWebKit)","['brand','device','model']","['Thalia','$1','$1']"
556,0,"; {0,2}(vp9plus)\)","['brand','device','model']","['ZTE','$1','$1']"
102,0,"; {0,2}AIRIS[ _\-]?([^/;\)]+) {0,2}(?:;|\)|Build)","['brand','device','model','regex_flag']","['Airis','$1','$1','i']"
135,0,"; {0,2}ASUS[ _]{0,10}([^;/]{1,100}?)(?: Build|\) AppleWebKit)","['brand','device','model']","['Asus','Asus $1','$1']"
97,0,"; {0,2}Acer Iconia Tab ([^;/]{1,100}?)(?: Build|\) AppleWebKit)","['brand','device','model']","['Acer','$1','$1']"
104,0,"; {0,2}Airpad[ \-]([^;/]{1,100}?)(?: Build|\) AppleWebKit)","['brand','device','model']","['Airpad','Airpad $1','$1']"
488,0,"; {0,2}Android for (Telechips|Techvision) ([^ ]+) ","['brand','device','model','regex_flag']","['$1','$1 $2','$2','i']"
122,0,"; {0,2}Aoson ([^;/]{1,100}?)(?: Build|\) AppleWebKit)","['brand','device','model','regex_flag']","['Aoson','Aoson $1','$1','i']"
109,0,"; {0,2}BASE_Lutea_3(?: Build|\) AppleWebKit)","['brand','device','model']","['Alcatel','Alcatel One Touch 998','One Touch 998']"
110,0,"; {0,2}BASE_Varia(?: Build|\) AppleWebKit)","['brand','device','model']","['Alcatel','Alcatel One Touch 918D','One Touch 918D']"
493,0,"; {0,2}Build/.{0,200} (TOLINO_BROWSER)","['brand','device','model']","['Thalia','$1','Tolino Shine']"
157,0,"; {0,2}CAPTIVA ([^;/]{1,100}?)(?: Build|\) AppleWebKit)","['brand','device','model']","['Captiva','Captiva $1','$1']"
174,0,"; {0,2}CUBOT ([^;/]{1,100}?)(?: Build|\) AppleWebKit)","['brand','device','model','regex_flag']","['Cubot','$1','$1','i']"
184,0,"; {0,2}Dell[ _]([^;/]{1,100}?)(?: Build|\) AppleWebKit)","['brand','device','model']","['Dell','Dell $1','$1']"
202,0,"; {0,2}Explay[_ ](.{1,200}?)(?:[\)]| Build)","['brand','device','model']","['Explay','$1','$1']"
214,0,"; {0,2}GOCLEVER ([^;/]{1,100}?)(?: Build|\) AppleWebKit)","['brand','device','model']","['GoClever','GoClever $1','$1']"
136,0,"; {0,2}Garmin-Asus ([^;/]{1,100}?)(?: Build|\) AppleWebKit)","['brand','device','model']","['Garmin-Asus','Garmin-Asus $1','$1']"
231,0,"; {0,2}HP ([^/]{1,50})(?: Build|\) AppleWebKit)","['brand','device','model']","['HP','HP $1','$1']"
248,0,"; {0,2}HTC[ _]([^;]{1,200}); Windows Phone","['brand','device','model']","['HTC','HTC $1','$1']"
261,0,"; {0,2}HYUNDAI (T\d[^/]{0,10})(?: Build|\) AppleWebKit)","['brand','device','model']","['Hyundai','Hyundai $1','$1']"
262,0,"; {0,2}HYUNDAI ([^;/]{1,10}?)(?: Build|\) AppleWebKit)","['brand','device','model']","['Hyundai','Hyundai $1','$1']"
220,0,"; {0,2}Haier[ _\-]([^/]{1,50})(?: Build|\) AppleWebKit)","['brand','device','model']","['Haier','Haier $1','$1']"
283,0,"; {0,2}IVIO[_\-]([^;/]{1,100}?)(?: Build|\) AppleWebKit)","['brand','device','model']","['Ivio','$1','$1']"
287,0,"; {0,2}Karbonn[ _]?([^;/]{1,100}) {0,2}(?:Build|;)","['brand','device','model','regex_flag']","['Karbonn','$1','$1','i']"
317,0,"; {0,2}LAVA[ _]([^;/]{1,100}) Build","['brand','device','model']","['Lava','$1','$1']"
345,0,"; {0,2}MEDION ([^;/]{1,100}?)(?: Build|\) AppleWebKit)","['brand','device','model']","['Medion','Medion $1','$1']"
353,0,"; {0,2}Micromax[ _](A\d{2,3}[^;/]*) Build","['brand','device','model','regex_flag']","['Micromax','Micromax $1','$1','i']"
355,0,"; {0,2}Micromax[ _](P\d{3}[^;/]*) Build","['brand','device','model','regex_flag']","['Micromax','Micromax $1','$1','i']"
370,0,"; {0,2}Multilaser[ _]([^;/]{1,100}?)(?: Build|\) AppleWebKit)","['brand','device','model']","['Multilaser','$1','$1']"
386,0,"; {0,2}OMEGA[ _\-](MID[^;/]{1,100}?)(?: Build|\) AppleWebKit)","['brand','device','model']","['Omega','Omega $1','$1']"
390,0,"; {0,2}OPPO ?([^;/]{1,100}?)(?: Build|\) AppleWebKit)","['brand','device','model']","['Oppo','Oppo $1','$1']"
425,0,"; {0,2}POV[ _\-]([^;/]{1,100}?)(?: Build|\) AppleWebKit)","['brand','device','model']","['POV','POV $1','$1']"
409,0,"; {0,2}Pantech([^;/]{1,30}).{0,200}? Build/","['brand','device','model']","['Pantech','Pantech $1','$1']"
530,0,"; {0,2}WellcoM-([^;/]{1,100}?)(?: Build|\) AppleWebKit)","['brand','device','model']","['Wellcom','Wellcom $1','$1']"
540,0,"; {0,2}XOLO[ _]([^;/]{0,30}tab.{0,30})(?: Build|\) AppleWebKit)","['brand','device','model','regex_flag']","['Xolo','Xolo $1','$1','i']"
541,0,"; {0,2}XOLO[ _]([^;/]{1,100}?)(?: Build|\) AppleWebKit)","['brand','device','model','regex_flag']","['Xolo','Xolo $1','$1','i']"
123,0,"; {0,2}[Aa]panda[ _\-]([^;/]{1,100}?)(?: Build|\) AppleWebKit)","['brand','device','model']","['Apanda','Apanda $1','$1']"
200,0,"; {0,2}[^;/]{1,100} Build/(?:CROSS|Cross)+[ _\-]([^\)]+)","['brand','device','model']","['Evercoss','CROSS $1','Cross $1']"
268,0,"; {0,2}i-?mobile[ _]([^/]{1,50})(?: Build|\) AppleWebKit)","['brand','device','model','regex_flag']","['imobile','i-mobile $1','$1','i']"
281,0,"; {0,2}itel ([^;/]*)(?: Build|\) AppleWebKit)","['brand','device','model']","['Itel','Itel $1','$1']"
15,4,"AEOHY","['browser','device','device_type','model','os_v1']","['','Echo Show 15 (2021)','TV','Echo Show 15 (2021)','7']"
4,0,"AFT","['brand','device_type','os']","['Amazon','TV','Fire OS']"
50,4,"AFTA","['browser','device','device_type','model','os_v1']","['','Fire TV Cube - 1st Gen (2018)','STB','Fire TV Cube - 1st Gen (2018)','6']"
18,4,"AFTANNA0","['browser','device','device_type','model','os_v1']","['','Xiaomi F2 4K - Fire TV (2022)','TV','Xiaomi F2 4K - Fire TV (2022)','7']"
22,4,"AFTANNA0","['browser','device','device_type','model','os_v1']","['','ok 4K - Fire TV (2021)','TV','ok 4K - Fire TV (2021)','7']"
57,4,"AFTB","['browser','device','device_type','model','os_v1']","['','Fire TV - 1st Gen (2014)','TV','Fire TV - 1st Gen (2014)','5']"
39,4,"AFTBAMR311","['browser','device','device_type','model','os_v1']","['','Toshiba HD - Fire TV (2018-2020)','TV','Toshiba HD - Fire TV (2018-2020)','6']"
5,4,"AFTBTX4","['browser','device','device_type','model','os_v1']","['','Redmi 108cm (43 inches) 4K Ultra HD smart LED Fire TV (2023)','TV','Redmi 108cm (43 inches) 4K Ultra HD smart LED Fire TV (2023)','7']"
30,4,"AFTBU001","['browser','device','device_type','model','os_v1']","['','AmazonBasics HD/FHD - Fire TV (2020)','TV','AmazonBasics HD/FHD - Fire TV (2020)','6']"
36,4,"AFTDCT31","['browser','device','device_type','model','os_v1']","['','Toshiba 4K UHD - Fire TV (2020)','TV','Toshiba 4K UHD - Fire TV (2020)','7']"
37,4,"AFTDCT31","['browser','device','device_type','model','os_v1']","['','Insignia 4K UHD - Fire TV (2020)','TV','Insignia 4K UHD - Fire TV (2020)','7']"
40,4,"AFTEAMR311","['browser','device','device_type','model','os_v1']","['','Insignia HD - Fire TV (2018-2020)','TV','Insignia HD - Fire TV (2018-2020)','6']"
48,4,"AFTEU011","['browser','device','device_type','model','os_v1']","['','Grundig Vision 6 HD - Fire TV (2019)','TV','Grundig Vision 6 HD - Fire TV (2019)','7']"
45,4,"AFTEU014","['browser','device','device_type','model','os_v1']","['','Grundig Vision 7, 4K - Fire TV (2019)','TV','Grundig Vision 7, 4K - Fire TV (2019)','7']"
44,4,"AFTEUFF014","['browser','device','device_type','model','os_v1']","['','Grundig OLED 4K - Fire TV (2019)','TV','Grundig OLED 4K - Fire TV (2019)','7']"
17,4,"AFTGAZL","['browser','device','device_type','model','os_v1']","['','Fire TV Cube - 3rd Gen (2022)','STB','Fire TV Cube - 3rd Gen (2022)','7']"
19,4,"AFTHA001","['browser','device','device_type','model','os_v1']","['','Hisense U6 4K UHD - Fire TV (2022)','TV','Hisense U6 4K UHD - Fire TV (2022)','7']"
28,4,"AFTHA001","['browser','device','device_type','model','os_v1']","['','Toshiba 4K UHD - Fire TV (2021)','TV','Toshiba 4K UHD - Fire TV (2021)','7']"
59,4,"AFTHA002","['browser','device','device_type','model','os_v1']","['','Toshiba V35 Series LED FHD/HD - Fire TV (2021)','TV','Toshiba V35 Series LED FHD/HD - Fire TV (2021)','7']"
23,4,"AFTHA003","['browser','device','device_type','model','os_v1']","['','Toshiba 4K Far-field UHD - Fire TV (2021)','TV','Toshiba 4K Far-field UHD - Fire TV (2021)','7']"
13,4,"AFTHA004","['browser','device','device_type','model','os_v1']","['','Toshiba 4K UHD - Fire TV (2022)','TV','Toshiba 4K UHD - Fire TV (2022)','7']"
49,4,"AFTJMST12","['browser','device','device_type','model','os_v1']","['','Insignia 4K - Fire TV (2018)','TV','Insignia 4K - Fire TV (2018)','6']"
21,4,"AFTJULI1","['browser','device','device_type','model','os_v1']","['','JVC 4K - Fire TV with Freeview Play (2021)','TV','JVC 4K - Fire TV with Freeview Play (2021)','7']"
24,4,"AFTKA","['browser','device','device_type','model','os_v1']","['','Fire TV Stick 4K Max - 1st Gen (2021)','STB','Fire TV Stick 4K Max - 1st Gen (2021)','7']"
12,4,"AFTKA002 / AFTKAUK002","['browser','device','device_type','model','os_v1']","['','Fire TV 2-Series (2023)','TV','Fire TV 2-Series (2023)','7']"
8,4,"AFTKM","['browser','device','device_type','model','os_v1']","['','Fire TV Stick 4K - 2nd Gen (2023) - 8 GB','STB','Fire TV Stick 4K - 2nd Gen (2023) - 8 GB','8']"
41,4,"AFTKMST12","['browser','device','device_type','model','os_v1']","['','Toshiba 4K - Fire TV (2018-2019)','TV','Toshiba 4K - Fire TV (2018-2019)','6']"
7,4,"AFTKRT","['browser','device','device_type','model','os_v1']","['','Fire TV Stick 4K Max - 2nd Gen (2023) - 16 GB','STB','Fire TV Stick 4K Max - 2nd Gen (2023) - 16 GB','8']"
14,4,"AFTLBT962E2","['browser','device','device_type','model','os_v1']","['','BMW (2022)','TV','BMW (2022)','7']"
42,4,"AFTLE","['browser','device','device_type','model','os_v1']","['','Onida HD - Fire TV (2019)','TV','Onida HD - Fire TV (2019)','6']"
25,4,"AFTLFT962X3","['browser','device','device_type','model','os_v1']","['','Stellantis (Jeep) - Wagoneer/Grand Wagoneer','TV','Stellantis (Jeep) - Wagoneer/Grand Wagoneer','7']"
56,4,"AFTM","['browser','device','device_type','model','os_v1']","['','Fire TV Stick - 1st Gen (2014)','STB','Fire TV Stick - 1st Gen (2014)','5']"
10,4,"AFTMD001","['browser','device','device_type','model','os_v1']","['','Fire TV - TCL S4 Series 4K UHD HDR LED (2023)','TV','Fire TV - TCL S4 Series 4K UHD HDR LED (2023)','7']"
11,4,"AFTMD001","['browser','device','device_type','model','os_v1']","['','Fire TV - TCL Q6 4K QLED HDR (2023)','TV','Fire TV - TCL Q6 4K QLED HDR (2023)','7']"
6,4,"AFTMD002","['browser','device','device_type','model','os_v1']","['','TCL Class S3 1080p LED Smart TV with Fire TV (2023)','TV','TCL Class S3 1080p LED Smart TV with Fire TV (2023)','7']"
47,4,"AFTMM","['browser','device','device_type','model','os_v1']","['','Nebula Soundbar - Fire TV Edition (2019)','STB','Nebula Soundbar - Fire TV Edition (2019)','6']"
51,4,"AFTMM","['browser','device','device_type','model','os_v1']","['','Fire TV Stick 4K - 1st Gen (2018)','STB','Fire TV Stick 4K - 1st Gen (2018)','6']"
58,4,"AFTMM","['browser','device','device_type','model','os_v1']","['','TCL Soundbar with Built-in Subwoofer - Fire TV Edition (2019)','STB','TCL Soundbar with Built-in Subwoofer - Fire TV Edition (2019)','6']"
20,4,"AFTMON001, AFTMON002","['browser','device','device_type','model','os_v1']","['','Funai 4K - Fire TV (2022)','TV','Funai 4K - Fire TV (2022)','7']"
54,4,"AFTN","['browser','device','device_type','model','os_v1']","['','Fire TV - 3rd Gen (2017)','TV','Fire TV - 3rd Gen (2017)','6']"
29,4,"AFTPR001","['browser','device','device_type','model','os_v1']","['','AmazonBasics 4K - Fire TV (2020)','TV','AmazonBasics 4K - Fire TV (2020)','7']"
43,4,"AFTR","['browser','device','device_type','model','os_v1']","['','Fire TV Cube - 2nd Gen (2019)','STB','Fire TV Cube - 2nd Gen (2019)','7']"
53,4,"AFTRS","['browser','device','device_type','model','os_v1']","['','Element 4K - Fire TV (2017)','TV','Element 4K - Fire TV (2017)','5']"
55,4,"AFTS","['browser','device','device_type','model','os_v1']","['','Fire TV - 2nd Gen (2015)','TV','Fire TV - 2nd Gen (2015)','5']"
9,4,"AFTSHN02","['browser','device','device_type','model','os_v1']","['','TCL 32"" FHD, 40"" FHD Fire TV (2023)','TV','TCL 32"" FHD, 40"" FHD Fire TV (2023)','7']"
46,4,"AFTSO001","['browser','device','device_type','model','os_v1']","['','JVC 4K - Fire TV (2019)','TV','JVC 4K - Fire TV (2019)','7']"
35,4,"AFTSS","['browser','device','device_type','model','os_v1']","['','Fire TV Stick Lite - 1st Gen (2020)','STB','Fire TV Stick Lite - 1st Gen (2020)','7']"
34,4,"AFTSSS","['browser','device','device_type','model','os_v1']","['','Fire TV Stick - 3rd Gen (2020)','STB','Fire TV Stick - 3rd Gen (2020)','7']"
38,4,"AFTT","['browser','device','device_type','model','os_v1']","['','Fire TV Stick - 2nd Gen (2016-2019)','STB','Fire TV Stick - 2nd Gen (2016-2019)','5']"
52,4,"AFTT","['browser','device','device_type','model','os_v1']","['','Fire TV Stick - Basic Edition (2017)','STB','Fire TV Stick - Basic Edition (2017)','5']"
27,4,"AFTTI43","['browser','device','device_type','model','os_v1']","['','Fire TV 4-Series (2021)','TV','Fire TV 4-Series (2021)','7']"
16,4,"AFTTIFF43","['browser','device','device_type','model','os_v1']","['','Fire TV Omni QLED Series (2022)','TV','Fire TV Omni QLED Series (2022)','7']"
26,4,"AFTTIFF43","['browser','device','device_type','model','os_v1']","['','Fire TV Omni Series (2021)','TV','Fire TV Omni Series (2021)','7']"
32,4,"AFTTIFF55","['browser','device','device_type','model','os_v1']","['','Onida HD/FHD - Fire TV (2020) [Available in two sizes]','TV','Onida HD/FHD - Fire TV (2020) [Available in two sizes]','6']"
33,4,"AFTWI001","['browser','device','device_type','model','os_v1']","['','ok 4K - Fire TV (2020)','TV','ok 4K - Fire TV (2020)','7']"
31,4,"AFTWMST22","['browser','device','device_type','model','os_v1']","['','JVC 2K - Fire TV (2020)','TV','JVC 2K - Fire TV (2020)','7']"
125,0,"ARCHOS; GOGI; ([^;]{1,200});","['brand','device','model']","['Archos','Archos $1','$1']"
417,0,"Android 4\..{0,200}; {0,2}(M[12356789]|U[12368]|S[123])\ ?(pro)?(?: Build|\) AppleWebKit)","['brand','device','model']","['Pipo','Pipo $1$2','$1$2']"
92,0,"Android Application[^\-]{1,300} - (?:HTC|HUAWEI|LGE|LENOVO|MEDION|TCT) (HTC|HUAWEI|LG|LENOVO|MEDION|ALCATEL)[ _\-](.{1,200}) \w{1,20} - ","['brand','device','model','regex_flag']","['$1','$1 $2','$2','i']"
91,0,"Android Application[^\-]{1,300} - (Sony) ?(Ericsson|) (.{1,200}) \w{1,20} - ","['brand','device','model']","['$1$2','$1 $2','$3']"
93,0,"Android Application[^\-]{1,300} - ([^ ]+) (.{1,200}) \w{1,20} - ","['brand','device','model']","['$1','$1 $2','$2']"
96,0,"Android [34].{0,200}; {0,2}(A100|A101|A110|A200|A210|A211|A500|A501|A510|A511|A700(?: Lite| 3G|)|A701|B1-A71|A1-\d{3}|B1-\d{3}|V360|V370|W500|W500P|W501|W501P|W510|W511|W700|Slider SL101|DA22[^;/]{1,100}?)(?: Build|\) AppleWebKit)","['brand','device','model']","['Acer','$1','$1']"
684,0,"Android [^;]{1,200}; ([^ ]+) (Sony)/","['brand','device','model']","['$2','$2 $1','$1']"
696,0,"Android \d+?(?:\.\d+|)(?:\.\d+|); ([^;]{1,100}?)(?: Build|\) AppleWebKit).{1,200}? Mobile Safari","['brand','device','device_type','model']","['Generic_Android','$1','MOBILE','$1']"
697,0,"Android \d+?(?:\.\d+|)(?:\.\d+|); ([^;]{1,100}?)(?: Build|\) AppleWebKit).{1,200}? Safari","['brand','device','device_type','model']","['Generic_Android_Tablet','$1','TABLET','$1']"
698,0,"Android \d+?(?:\.\d+|)(?:\.\d+|); ([^;]{1,100}?)(?: Build|\))","['brand','device','device_type','model']","['Generic_Android','$1','MOBILE','$1']"
72,68,"Android/(?:14|15|16|17|18|19|20)\D","[]","[]"
69,68,"Android/(?:1|2|3|4)\D","[]","[]"
73,68,"Android/(?:21|22)\D","[]","[]"
74,68,"Android/(?:23)\D","[]","[]"
75,68,"Android/(?:24|25)\D","[]","[]"
76,68,"Android/(?:26|27)\D","[]","[]"
77,68,"Android/(?:28)\D","[]","[]"
78,68,"Android/(?:29)\D","[]","[]"
79,68,"Android/(?:30)\D","[]","[]"
80,68,"Android/(?:31|32)\D","[]","[]"
81,68,"Android/(?:33)\D","[]","[]"
82,68,"Android/(?:34)\D","[]","[]"
70,68,"Android/(?:5|6|7|8|9|10)\D","[]","[]"
71,68,"Android/(?:5|6|7|8|9|10)\D","[]","[]"
693,0,"Android[\- ][\d]+(?:\.[\d]+)(?:\.[\d]+|); {0,2}[A-Za-z]{0,2}\- {0,2}; {0,2}(.{1,200}?)( Build[/ ]|\))","['brand','device','device_type','model']","['Generic_Android','$1','MOBILE','$1']"
692,0,"Android[\- ][\d]+(?:\.[\d]+)(?:\.[\d]+|); {0,2}[A-Za-z]{2}[_\-][A-Za-z]{0,2}\-? {0,2}; {0,2}(.{1,200}?)( Build[/ ]|\))","['brand','device','device_type','model']","['Generic_Android','$1','MOBILE','$1']"
694,0,"Android[\- ][\d]+(?:\.[\d]+)(?:\.[\d]+|); {0,2}[a-z]{0,2}[_\-]?[A-Za-z]{0,2};?( Build[/ ]|\))","['brand','device','device_type','model']","['Generic','Generic Smartphone','MOBILE','Smartphone']"
695,0,"Android[\- ][\d]+(?:\.[\d]+)(?:\.[\d]+|); {0,3}\-?[A-Za-z]{2}; {0,2}(.{1,50}?)( Build[/ ]|\))","['brand','device','device_type','model']","['Generic_Android','$1','MOBILE','$1']"
690,0,"Android[\- ][\d]+\.[\d]+; [A-Za-z]{2}\-[A-Za-z]{0,2}; WOWMobile (.{1,200})( Build[/ ]|\))","['brand','device','device_type','model']","['Generic_Android','$1','MOBILE','$1']"
691,0,"Android[\- ][\d]+\.[\d]+\-update1; [A-Za-z]{2}\-[A-Za-z]{0,2} {0,2}; {0,2}(.{1,200}?)( Build[/ ]|\))","['brand','device','device_type','model']","['Generic_Android','$1','MOBILE','$1']"
602,0,"BB10; ([A-Za-z0-9\- ]+)\)","['brand','device','model']","['BlackBerry','BlackBerry $1','$1']"
604,0,"Black[Bb]erry ([0-9]+);","['brand','device','model']","['BlackBerry','BlackBerry $1','$1']"
605,0,"Black[Bb]erry([0-9]+)","['brand','device','model']","['BlackBerry','BlackBerry $1','$1']"
606,0,"Black[Bb]erry;","['brand','device','model']","['BlackBerry','BlackBerry','$3']"
163,0,"Build/(?:[Cc]elkon)+_?([^;/_\)]+)","['brand','device','model']","['Celkon','$1','$1']"
224,0,"Build/HCL ME Tablet ([^;\)]{1,3})[\);]","['brand','device','model']","['HCLme','HCLme $1','$1']"
626,0,"CFNetwork/.{0,100} Darwin/\d","['brand','device','model']","['Apple','iOS-Device','iOS-Device']"
625,0,"CFNetwork/.{0,100} Darwin/\d+\.\d+\.\d+ \(x86_64\)","['brand','device','device_type','model']","['Apple','Mac','DESKTOP','Mac']"
624,0,"CFNetwork/.{0,100} Darwin/\d.{0,100}\(((?:Mac|iMac|PowerMac|PowerBook)[^\d]*)(\d+)(?:,|%2C)(\d+)","['brand','device','model']","['Apple','$1$2,$3','$1$2,$3']"
636,0,"DoCoMo/2\.0 ([A-Za-z0-9]+)","['brand','device','model']","['DoCoMo','DoCoMo $1','$1']"
612,0,"HPiPAQ([A-Za-z0-9]{1,20})/\d+\.\d+","['brand','device','model']","['HP','HP iPAQ $1','iPAQ $1']"
257,0,"HTC Streaming Player [^\/]{0,30}/[^\/]{0,10}/ htc_([^/]{1,10}) /","['brand','device','model']","['HTC','HTC $1','$1']"
642,0,"HUAWEI ([A-Za-z0-9\-]+)","['brand','device','model']","['Huawei','Huawei $1','$1']"
641,0,"HUAWEI-([A-Za-z0-9]+)","['brand','device','model']","['Huawei','Huawei $1','$1']"
640,0,"Huawei([A-Za-z0-9]+)","['brand','device','model']","['Huawei','Huawei $1','$1']"
655,0,"InettvBrowser/[0-9]{1,30}\.[0-9A-Z]{1,30} \([^;]{0,200};(Sony)([^;]{0,200});[^;]{0,200};[^\)]{0,10}\)","['brand','device','model']","['$1','Inettv','$2']"
656,0,"InettvBrowser/[0-9]{1,30}\.[0-9A-Z]{1,30} \([^;]{0,200};([^;]{0,200});[^;]{0,200};[^\)]{0,10}\)","['brand','device','device_type','model']","['Generic_Inettv','Inettv','TV','$1']"
646,0,"KWC\-([A-Za-z0-9]+)","['brand','device','model']","['Kyocera','Kyocera $1','$1']"
645,0,"Kyocera\-([A-Za-z0-9]+)","['brand','device','model']","['Kyocera','Kyocera $1','$1']"
654,0,"LGE; (?:Media\/|)([^;]{0,200});[^;]{0,200};[^;]{0,200};?\); ""?LG NetCast(\.TV|\.Media|)-\d+","['brand','device','model']","['LG','NetCast$2','$1']"
647,0,"Lenovo[_\-]([A-Za-z0-9]+)","['brand','device','model']","['Lenovo','Lenovo $1','$1']"
3,0,"Linux x86_64","['device_type']","['DESKTOP']"
599,0,"Lumia ([A-Za-z0-9\-]+)","['brand','device','model']","['Nokia','Lumia $1','Lumia $1']"
666,0,"MOTO\-([A-Za-z0-9]+)","['brand','device','model']","['Motorola','Motorola $1','$1']"
667,0,"MOT\-([A-z0-9][A-z0-9\-]*)","['brand','device','model']","['Motorola','Motorola $1','$1']"
712,0,"Mac OS","['brand','device','device_type','model']","['Apple','Mac','DESKTOP','Mac']"
665,0,"Motorola\-([A-Za-z0-9]+)","['brand','device','model']","['Motorola','Motorola $1','$1']"
89,0,"Mozilla.{0,200}(AspiegelBot|PetalBot)","['brand','device','device_type','model']","['Spider','Spider','DESKTOP','Desktop']"
88,0,"Mozilla.{1,100}Mobile.{1,100}(AspiegelBot|PetalBot)","['brand','device','device_type','model']","['Spider','Spider','MOBILE','Smartphone']"
671,0,"Nintendo (Switch|DS|3DS|DSi|Wii);","['brand','device','model']","['Nintendo','Nintendo $1','$1']"
670,0,"Nintendo WiiU","['brand','device','model']","['Nintendo','Nintendo Wii U','Wii U']"
597,0,"Nokia(N[0-9]+)([A-Za-z_\-][A-Za-z0-9_\-]*)","['brand','device','model']","['Nokia','Nokia $1','$1$2']"
627,0,"Outlook-(iOS)/\d+\.\d+\.prod\.iphone","['brand','device','device_type','model']","['Apple','iPhone','MOBILE','iPhone']"
613,0,"PDA; (PalmOS)/sony/model ([a-z]+)/Revision","['brand','device','model']","['Sony','$1','$1 $2']"
480,0,"PLAYSTATION 3","['brand','device','model']","['Sony','PlayStation 3','PlayStation 3']"
608,0,"Palm([0-9]+)","['brand','device','model']","['Palm','Palm $1','$1']"
674,0,"Philips ([A-Za-z0-9]+)","['brand','device','model']","['Philips','Philips $1','$1']"
673,0,"Philips([A-Za-z0-9]+)","['brand','device','model']","['Philips','Philips $1','$1']"
603,0,"Play[Bb]ook.{1,200}RIM Tablet OS","['brand','device','model']","['BlackBerry','BlackBerry Playbook','Playbook']"
689,0,"Puffin/[\d\.]+AP","['brand','device','device_type','model']","['Generic','Generic Smartphone','MOBILE','Smartphone']"
688,0,"Puffin/[\d\.]+AT","['brand','device','device_type','model']","['Generic','Generic Tablet','TABLET','Tablet']"
687,0,"Puffin/[\d\.]+IP","['brand','device','device_type','model']","['Apple','iPhone','MOBILE','iPhone']"
686,0,"Puffin/[\d\.]+IT","['brand','device','device_type','model']","['Apple','iPad','TABLET','iPad']"
351,0,"Quest","['brand','device','model']","['Meta','Quest','Quest']"
349,0,"Quest 2","['brand','device','model']","['Meta','Quest','Quest 2']"
348,0,"Quest 3","['brand','device','model']","['Meta','Quest','Quest 3']"
350,0,"Quest Pro","['brand','device','model']","['Meta','Quest','Quest Pro']"
679,0,"SAMSUNG(?:; |[ -/])([A-Za-z0-9\-]+)","['brand','device','model','regex_flag']","['Samsung','Samsung $1','$1','i']"
678,0,"SAMSUNG-ANDROID-MMS/([^;/]{1,100})","['brand','device','model']","['Samsung','$1','$1']"
658,0,"Series60/\d\.\d (LG)[\-]?([A-Za-z0-9 \-]+)","['brand','device','model']","['$1','$1 $2','$2']"
682,0,"Softbank/[12]\.0/([A-Za-z0-9]+)","['brand','device','model']","['Softbank','Softbank $1','$1']"
683,0,"SonyEricsson ?([A-Za-z0-9\-]+)","['brand','device','model']","['SonyEricsson','Ericsson $1','$1']"
714,0,"Streampool","['device_type']","['Streampool']"
676,0,"SymbianOS/9\.\d.{0,200} Samsung[/\-]([A-Za-z0-9 \-]+)","['brand','device','model']","['Samsung','Samsung $1','$1']"
609,0,"Treo([A-Za-z0-9]+)","['brand','device','model']","['Palm','Palm Treo $1','Treo $1']"
713,0,"Windows","['device_type']","['DESKTOP']"
578,0,"Windows Phone [^;]{1,30}; .{0,100}?IEMobile/[^;\)]+[;\)] ?(?:ARM; ?Touch; ?|Touch; ?|)(?:ALCATEL)[^;]{0,200}; {0,2}([^;,\)]+)","['brand','device','model']","['Alcatel','Alcatel $1','$1']"
580,0,"Windows Phone [^;]{1,30}; .{0,100}?IEMobile/[^;\)]+[;\)] ?(?:ARM; ?Touch; ?|Touch; ?|)(?:DELL|Dell)[^;]{0,200}; {0,2}([^;,\)]+)","['brand','device','model']","['Dell','Dell $1','$1']"
582,0,"Windows Phone [^;]{1,30}; .{0,100}?IEMobile/[^;\)]+[;\)] ?(?:ARM; ?Touch; ?|Touch; ?|)(?:HUAWEI)[^;]{0,200}; {0,2}(?:HUAWEI |)([^;,\)]+)","['brand','device','model']","['Huawei','Huawei $1','$1']"
583,0,"Windows Phone [^;]{1,30}; .{0,100}?IEMobile/[^;\)]+[;\)] ?(?:ARM; ?Touch; ?|Touch; ?|)(?:LG|Lg)[^;]{0,200}; {0,2}(?:LG[ \-]|)([^;,\)]+)","['brand','device','model']","['LG','LG $1','$1']"
587,0,"Windows Phone [^;]{1,30}; .{0,100}?IEMobile/[^;\)]+[;\)] ?(?:ARM; ?Touch; ?|Touch; ?|)(?:Microsoft(?: Corporation|))[^;]{0,200}; {0,2}([^;,\)]+)","['brand','device','model']","['Microsoft','Microsoft $1','$1']"
585,0,"Windows Phone [^;]{1,30}; .{0,100}?IEMobile/[^;\)]+[;\)] ?(?:ARM; ?Touch; ?|Touch; ?|)(?:NOKIA|Nokia)[^;]{0,200}; {0,2}(RM-\d{3,})","['brand','device','model']","['Nokia','Nokia $1','$1']"
584,0,"Windows Phone [^;]{1,30}; .{0,100}?IEMobile/[^;\)]+[;\)] ?(?:ARM; ?Touch; ?|Touch; ?|)(?:rv:11; |)(?:NOKIA|Nokia)[^;]{0,200}; {0,2}(?:NOKIA ?|Nokia ?|LUMIA ?|[Ll]umia ?|)(\d{3,10}[^;\)]*)","['brand','device','model']","['Nokia','Lumia $1','Lumia $1']"
579,0,"Windows Phone [^;]{1,30}; .{0,100}?IEMobile/[^;\)]+[;\)] ?(?:ARM; ?Touch; ?|Touch; ?|WpsLondonTest; ?|)(?:ASUS|Asus)[^;]{0,200}; {0,2}([^;,\)]+)","['brand','device','model']","['Asus','Asus $1','$1']"
581,0,"Windows Phone [^;]{1,30}; .{0,100}?IEMobile/[^;\)]+[;\)] ?(?:ARM; ?Touch; ?|Touch; ?|WpsLondonTest; ?|)(?:HTC|Htc|HTC_blocked[^;]{0,200})[^;]{0,200}; {0,2}(?:HTC|)([^;,\)]+)","['brand','device','model']","['HTC','HTC $1','$1']"
588,0,"Windows Phone [^;]{1,30}; .{0,100}?IEMobile/[^;\)]+[;\)] ?(?:ARM; ?Touch; ?|Touch; ?|WpsLondonTest; ?|)(?:SAMSUNG)[^;]{0,200}; {0,2}(?:SAMSUNG |)([^;,\.\)]+)","['brand','device','model']","['Samsung','Samsung $1','$1']"
589,0,"Windows Phone [^;]{1,30}; .{0,100}?IEMobile/[^;\)]+[;\)] ?(?:ARM; ?Touch; ?|Touch; ?|WpsLondonTest; ?|)(?:TOSHIBA|FujitsuToshibaMobileCommun)[^;]{0,200}; {0,2}([^;,\)]+)","['brand','device','model']","['Toshiba','Toshiba $1','$1']"
590,0,"Windows Phone [^;]{1,30}; .{0,100}?IEMobile/[^;\)]+[;\)] ?(?:ARM; ?Touch; ?|Touch; ?|WpsLondonTest; ?|)([^;]{1,200}); {0,2}([^;,\)]+)","['brand','device','model']","['$1','$1 $2','$2']"
87,0,"X11; Datanyze; Linux","['brand','device','model']","['Spider','Spider','$3']"
326,0,"[;,] (?:Vodafone |)(SmartTab) ?(II) ?(\d+) Build/","['brand','device','model']","['Lenovo','Lenovo $1 $2 $3','$1 $2 $3']"
332,0,"[;:] {0,2}(L-\d+[A-Z]|LGL\d+[A-Z]?)(?:/V\d+|) {0,2}(?:Build|[;\)])","['brand','device','model']","['LG','$1','$1']"
593,0,"\(Mobile; (?:ZTE([^;]{1,200})|(OpenC)); rv:[^\)]{1,200}\) Gecko/[^\/]{1,200} Firefox/","['brand','device','model']","['ZTE','ZTE $1$2','$1$2']"
592,0,"\(Mobile; ALCATEL ?(One|ONE) ?(Touch|TOUCH) ?([^;/]{1,100}?)(?:/[^;]{1,200}|); rv:[^\)]{1,200}\) Gecko/[^\/]{1,200} Firefox/","['brand','device','model']","['Alcatel','Alcatel $1 $2 $3','One Touch $3']"
594,0,"\(Mobile; ALCATEL([A-Za-z0-9\-]+); rv:[^\)]{1,200}\) Gecko/[^\/]{1,200} Firefox/[^\/]{1,200} KaiOS/","['brand','device','model']","['Alcatel','Alcatel $1','$1']"
595,0,"\(Mobile; LYF\/([A-Za-z0-9\-]{1,100})\/.{0,100};.{0,100}rv:[^\)]{1,100}\) Gecko/[^\/]{1,100} Firefox/[^\/]{1,100} KAIOS/","['brand','device','model']","['LYF','LYF $1','$1']"
596,0,"\(Mobile; Nokia_([A-Za-z0-9\-]{1,100})_.{1,100}; rv:[^\)]{1,100}\) Gecko/[^\/]{1,100} Firefox/[^\/]{1,100} KAIOS/","['brand','device','model']","['Nokia','Nokia $1','$1']"
601,0,"\(Symbian(?:/3|); U; ([^;]{1,200});","['brand','device','model']","['Nokia','Nokia $1','$1']"
600,0,"\(Symbian; U; S60 V5; [A-z]{2}\-[A-z]{2}; (SonyEricsson|Samsung|Nokia|LG)([^;/]{1,100}?)\)","['brand','device','model']","['$1','$1 $2','$2']"
68,0,"\([^,]+,[^,]+,([^,]+),([^,]+)\) Android/\d+","['brand','device_type','os']","['$1','$2','Android']"
60,0,"\([^,]+,[^,]+,[^,]+,([^,]+)\) Android/\d+","['device_type']","['$1']"
639,0,"\b(?:HTC/|HTC/[a-z0-9]{1,20}/|)HTC[ _\-;]? {0,2}(.{0,200}?)(?:-?Mozilla|fingerPrint|[;/\(\)]|$)","['brand','device','model']","['HTC','HTC $1','$1']"
659,0,"\b(?:LGE[ \-]LG\-(?:AX|)|LGE |LGE?-LG|LGE?[ \-]|LG[ /\-]|lg[\-])([A-Za-z0-9]+)\b","['brand','device','model']","['LG','LG $1','$1']"
329,0,"\b(?:Lenovo|LENOVO)+[ _\-]?([^,;:/ ]+)","['brand','device','model']","['Lenovo','Lenovo $1','$1']"
312,0,"\b(Kobo Touch)\b","['brand','device','model']","['Kobo','$1','$1']"
484,0,"\b(Sprint)[: ]([^;,/ ]+)","['brand','device','model']","['Sprint','$1$2','$2']"
502,0,"\b(T-Mobile ?|)(myTouch)[ _]?([34]G)[ _]?([^\/]*) (?:Mozilla|Build)","['brand','device','model']","['HTC','$1$2 $3 $4','$2 $3 $4']"
504,0,"\b(T-Mobile)[_ ]?(.{0,200}?)Build","['brand','device','model']","['Tmobile','$1 $2','$2']"
503,0,"\b(T-Mobile)_([^_]+)_(.{0,200}) Build","['brand','device','model']","['Tmobile','$1 $2 $3','$2 $3']"
507,0,"\b(TOSHIBA_AC_AND_AZ|TOSHIBA_FOLIO_AND_A|FOLIO_AND_A)","['brand','device','model']","['Toshiba','$1','Folio 100']"
634,0,"\bBIRD[ \-\.]([A-Za-z0-9]+)","['brand','device','model']","['Bird','Bird $1','$1']"
635,0,"\bDell ([A-Za-z0-9]+)","['brand','device','model']","['Dell','Dell $1','$1']"
90,0,"\bSmartWatch {0,2}\( {0,2}([^;]{1,200}) {0,2}; {0,2}([^;]{1,200}) {0,2};","['brand','device','model']","['$1','$1 $2','$2']"
577,0,"\bUSCC[_\-]?([^ ;/\)]+)","['brand','device','model']","['Cellular','$1','$1']"
212,0,"\sGIONEE[-\s_](\w*)","['brand','device','model','regex_flag']","['Gionee','Gionee $1','$1','i']"
706,0,"^(1207|3gso|4thp|501i|502i|503i|504i|505i|506i|6310|6590|770s|802s|a wa|acer|acs\-|airn|alav|asus|attw|au\-m|aur |aus |abac|acoo|aiko|alco|alca|amoi|anex|anny|anyw|aptu|arch|argo|bmobile|bell|bird|bw\-n|bw\-u|beck|benq|bilb|blac|c55/|cdm\-|chtm|capi|comp|cond|dall|dbte|dc\-s|dica|ds\-d|ds12|dait|devi|dmob|doco|dopo|dorado|el(?:38|39|48|49|50|55|58|68)|el[3456]\d{2}dual|erk0|esl8|ex300|ez40|ez60|ez70|ezos|ezze|elai|emul|eric|ezwa|fake|fly\-|fly_|g\-mo|g1 u|g560|gf\-5|grun|gene|go.w|good|grad|hcit|hd\-m|hd\-p|hd\-t|hei\-|hp i|hpip|hs\-c|htc |htc\-|htca|htcg)","['brand','device','device_type','model','regex_flag']","['Generic','Generic Feature Phone','MOBILE','Feature Phone','i']"
119,0,"^(?:AMOI|Amoi)[ _]([^;/]{1,100}?) Linux","['brand','device','model']","['Amoi','Amoi $1','$1']"
710,0,"^(Ice)$","['brand','device','device_type','model']","['Generic','Generic Feature Phone','MOBILE','Feature Phone']"
335,0,"^(LG)-([^;/]{1,100})/ Mozilla/.{0,200}; Android","['brand','device','model']","['LG','$1 $2','$2']"
387,0,"^(MID7500|MID\d+) Mozilla/5\.0 \(iPad;","['brand','device','model']","['Omega','Omega $1','$1']"
61,0,"^(Roku)/DVP-(\d+)\.(\d+)","['browser','device_type','os','os_v1','os_v2']","['','STB','$1','$2','$3']"
701,0,"^(Roku)/DVP-\d+\.\d+","['brand','device','device_type','model']","['Generic_Inettv','$1','TV','$1']"
83,0,"^(\w+)\s+CDN$","['os']","['$1']"
707,0,"^(htcp|htcs|htct|htc_|haie|hita|huaw|hutc|i\-20|i\-go|i\-ma|i\-mobile|i230|iac|iac\-|iac/|ig01|im1k|inno|iris|jata|kddi|kgt|kgt/|kpt |kwc\-|klon|lexi|lg g|lg\-a|lg\-b|lg\-c|lg\-d|lg\-f|lg\-g|lg\-k|lg\-l|lg\-m|lg\-o|lg\-p|lg\-s|lg\-t|lg\-u|lg\-w|lg/k|lg/l|lg/u|lg50|lg54|lge\-|lge/|leno|m1\-w|m3ga|m50/|maui|mc01|mc21|mcca|medi|meri|mio8|mioa|mo01|mo02|mode|modo|mot |mot\-|mt50|mtp1|mtv |mate|maxo|merc|mits|mobi|motv|mozz|n100|n101|n102|n202|n203|n300|n302|n500|n502|n505|n700|n701|n710|nec\-|nem\-|newg|neon)","['brand','device','device_type','model','regex_flag']","['Generic','Generic Feature Phone','MOBILE','Feature Phone','i']"
708,0,"^(netf|noki|nzph|o2 x|o2\-x|opwv|owg1|opti|oran|ot\-s|p800|pand|pg\-1|pg\-2|pg\-3|pg\-6|pg\-8|pg\-c|pg13|phil|pn\-2|pt\-g|palm|pana|pire|pock|pose|psio|qa\-a|qc\-2|qc\-3|qc\-5|qc\-7|qc07|qc12|qc21|qc32|qc60|qci\-|qwap|qtek|r380|r600|raks|rim9|rove|s55/|sage|sams|sc01|sch\-|scp\-|sdk/|se47|sec\-|sec0|sec1|semc|sgh\-|shar|sie\-|sk\-0|sl45|slid|smb3|smt5|sp01|sph\-|spv |spv\-|sy01|samm|sany|sava|scoo|send|siem|smar|smit|soft|sony|t\-mo|t218|t250|t600|t610|t618|tcl\-|tdg\-|telm|tim\-|ts70|tsm\-|tsm3|tsm5|tx\-9|tagt)","['brand','device','device_type','model','regex_flag']","['Generic','Generic Feature Phone','MOBILE','Feature Phone','i']"
709,0,"^(talk|teli|topl|tosh|up.b|upg1|utst|v400|v750|veri|vk\-v|vk40|vk50|vk52|vk53|vm40|vx98|virg|vertu|vite|voda|vulc|w3c |w3c\-|wapj|wapp|wapu|wapm|wig |wapi|wapr|wapv|wapy|wapa|waps|wapt|winc|winw|wonu|x700|xda2|xdag|yas\-|your|zte\-|zeto|aste|audi|avan|blaz|brew|brvw|bumb|ccwa|cell|cldc|cmd\-|dang|eml2|fetc|hipt|http|ibro|idea|ikom|ipaq|jbro|jemu|jigs|keji|kyoc|kyok|libw|m\-cr|midp|mmef|moto|mwbp|mywa|newt|nok6|o2im|pant|pdxg|play|pluc|port|prox|rozo|sama|seri|smal|symb|treo|upsi|vx52|vx53|vx60|vx61|vx70|vx80|vx81|vx83|vx85|wap\-|webc|whit|wmlb|xda\-|xda_)","['brand','device','device_type','model','regex_flag']","['Generic','Generic Feature Phone','MOBILE','Feature Phone','i']"
705,0,"^.{0,100}(bot|BUbiNG|zao|borg|DBot|oegp|silk|Xenu|zeal|^NING|CCBot|crawl|htdig|lycos|slurp|teoma|voila|yahoo|Sogou|CiBra|Nutch|^Java/|^JNLP/|Daumoa|Daum|Genieo|ichiro|larbin|pompos|Scrapy|snappy|speedy|spider|msnbot|msrbot|vortex|^vortex|crawler|favicon|indexer|Riddler|scooter|scraper|scrubby|WhatWeb|WinHTTP|bingbot|BingPreview|openbot|gigabot|furlbot|polybot|seekbot|^voyager|archiver|Icarus6j|mogimogi|Netvibes|blitzbot|altavista|charlotte|findlinks|Retreiver|TLSProber|WordPress|SeznamBot|ProoXiBot|wsr\-agent|Squrl Java|EtaoSpider|PaperLiBot|SputnikBot|A6\-Indexer|netresearch|searchsight|baiduspider|YisouSpider|ICC\-Crawler|http%20client|Python-urllib|dataparksearch|converacrawler|Screaming Frog|AppEngine-Google|YahooCacheSystem|fast\-webcrawler|Sogou Pic Spider|semanticdiscovery|Innovazion Crawler|facebookexternalhit|Google.{0,200}/\+/web/snippet|Google-HTTP-Java-Client|BlogBridge|IlTrovatore-Setaccio|InternetArchive|GomezAgent|WebThumbnail|heritrix|NewsGator|PagePeeker|Reaper|ZooShot|holmes|NL-Crawler|Pingdom|StatusCake|WhatsApp|masscan|Google Web Preview|Qwantify|Yeti|OgScrper)","['brand','device','device_type','model','regex_flag']","['Spider','Spider','DESKTOP','Desktop','i']"
84,0,"^.{0,100}?(?:(?:iPhone|Windows CE|Windows Phone|Android).{0,300}(?:(?:Bot|Yeti)-Mobile|YRSpider|BingPreview|bots?/\d|(?:bot|spider)\.html)|AdsBot-Google-Mobile.{0,200}iPhone)","['brand','device','device_type','model','regex_flag']","['Spider','Spider','MOBILE','Smartphone','i']"
85,0,"^.{0,100}?(?:DoCoMo|\bMOT\b|\bLG\b|Nokia|Samsung|SonyEricsson).{0,200}(?:(?:Bot|Yeti)-Mobile|bots?/\d|(?:bot|crawler)\.html|(?:jump|google|Wukong)bot|ichiro/mobile|/spider|YahooSeeker)","['brand','device','model','regex_flag']","['Spider','Spider','Feature Phone','i']"
638,0,"^.{0,50}?([A-Za-z0-9]{1,30});FOMA","['brand','device','model']","['DoCoMo','DoCoMo $1','$1']"
637,0,"^.{0,50}?([A-Za-z0-9]{1,30})_W;FOMA","['brand','device','model']","['DoCoMo','DoCoMo $1','$1']"
63,0,"^FetchTV","['browser','device_type','os']","['','STB','Linux']"
62,0,"^Fire OS/(\d+).(\d+)","['browser','device_type','os','os_v1','os_v2']","['','STB','Fire OS','$1','$2']"
661,0,"^LG([0-9]+[A-Za-z]*)","['brand','device','model']","['LG','LG $1','$1']"
65,0,"^Lavf/\d+,\d+,\d+$","['device_type']","['DESKTOP']"
681,0,"^SIE-([A-Za-z0-9]+)","['brand','device','model']","['Siemens','Siemens $1','$1']"
66,0,"^VLC","['device_type']","['DESKTOP']"
67,0,"^curl","['device_type']","['DESKTOP']"
628,0,"acer_([A-Za-z0-9]+)_","['brand','device','model']","['Acer','Acer $1','$1']"
2,0,"iPad","['brand_replacement','device','device_type']","['Apple','iPad','TABLET']"
1,0,"iPhone","['brand_replacement','device','device_type']","['Apple','iPhone','MOBILE']"
623,0,"iPhone","['brand','device','device_type','model']","['Apple','iPhone','MOBILE','iPhone']"
644,0,"i\-mate ([A-Za-z0-9]+)","['brand','device','model']","['i-mate','i-mate $1','$1']"
643,0,"vodafone([A-Za-z0-9]+)","['brand','device','model']","['Huawei','Huawei Vodafone $1','Vodafone $1']"
610,0,"webOS.{0,200}(P160U(?:NA|))/(\d+).(\d+)","['brand','device','model']","['HP','HP Veer','Veer']"
